,,,,,,,,,,,,,,,,
,,,,,,,,,,The City of New York,,,,,,
,,,,,,,,,,Department of Environmental Protection,,,,,,2/6/18
,,,,,,,,,,Harbor Survey 2014,,,,,,1/23/18
,,,,,,,,,,,,,,,,
,,,DO,,Fecal Coliform,,Enterococcus,,Transparency,Weather,,,,,,
,,,(mg/L),,(#/100 mL),,(#/100 mL),,(Secchi),Dry/Wet,,,,,,
,Site,Date,Top,Bot,Top,Bot,Top,Bot,ft.,D/W,,,,,,
,,,,,,,,,,,,,,,,
,CIC2,12/16/2014,7.78,NS,4800,NS,500,NS,NS,D,,,,,,
,HC1,12/16/2014,7.29,NS,20,NS,18,NS,NS,D,,,,,,
,HC2,12/16/2014,8.21,NS,36,NS,2,NS,NS,D,,,,,,
,SP1,12/16/2014,8.97,NS,32,NS,14,NS,NS,D,,,,,,
,E12,12/15/2014,10.07,NS,33,NS,10,NS,NS,D,,,,,,
,HR03,12/15/2014,9.19,NS,600,NS,192,NS,NS,D,,,,,,
,HR1,12/15/2014,9.11,NS,212,NS,28,NS,NS,D,,,,,,
,HR2,12/15/2014,8.40,NS,20000,NS,300,NS,NS,D,,,,,,
,AC1,12/11/2014,10.63,NS,2000,NS,650,NS,NS,W,,,,,,
,AC2,12/11/2014,11.57,NS,800,NS,720,NS,NS,W,,,,,,
,BR1,12/11/2014,11.90,NS,1300,NS,1800,NS,NS,W,,,,,,
,BR3,12/11/2014,10.55,NS,1300,NS,90,NS,NS,W,,,,,,
,E12,12/11/2014,10.70,NS,240,NS,160,NS,NS,W,,,,,,
,E13,12/11/2014,9.89,NS,600,NS,280,NS,NS,W,,,,,,
,HR03,12/11/2014,9.22,NS,3300,NS,4700,NS,NS,W,,,,,,
,HR1,12/11/2014,9.67,NS,640,NS,390,NS,NS,W,,,,,,
,HR2,12/11/2014,8.77,NS,2200,NS,840,NS,NS,W,,,,,,
,WC1,12/11/2014,9.26,NS,2100,NS,710,NS,NS,W,,,,,,
,WC2,12/11/2014,7.10,NS,1900,NS,760,NS,NS,W,,,,,,
,WC3,12/11/2014,9.69,NS,700,NS,360,NS,NS,W,,,,,,
,GC3,12/08/2014,11.65,11.58,126,10,120,110,NS,W,,,,,,
,GC4,12/08/2014,11.62,11.57,171,153,170,40,NS,W,,,,,,
,GC5,12/08/2014,11.61,11.58,10,18,130,150,NS,W,,,,,,
,GC6,12/08/2014,11.50,11.62,210,162,130,100,NS,W,,,,,,
,G2,12/04/2014,6.44,6.06,25,NS,6,NS,4.0,D,,,,,,
,K1,12/04/2014,6.48,6.49,42,NS,13,NS,3.0,D,,,,,,
,K2,12/04/2014,8.24,7.87,55,NS,9,NS,3.0,D,,,,,,
,K3,12/04/2014,6.33,7.65,28,NS,10,NS,4.0,D,,,,,,
,K4,12/04/2014,7.41,7.74,12,NS,11,NS,3.5,D,,,,,,
,K5,12/04/2014,7.17,7.10,11,NS,13,NS,2.5,D,,,,,,
,K5A,12/04/2014,7.77,8.96,16,NS,20,NS,2.0,D,,,,,,
,K6,12/04/2014,7.59,8.57,1,NS,1,NS,4.0,D,,,,,,
,N6,12/04/2014,8.13,8.07,52,NS,15,NS,1.5,D,,,,,,
,N7,12/04/2014,7.09,7.92,2,NS,13,NS,3.0,D,,,,,,
,N8,12/04/2014,6.78,6.63,27,NS,9,NS,3.0,D,,,,,,
,NC0,12/04/2014,4.02,4.26,2200,3000,880,900,4.0,D,,,,,,
,NC1,12/04/2014,5.47,6.11,960,2300,800,900,2.5,D,,,,,,
,NC2,12/04/2014,4.63,4.95,1800,390,700,120,3.0,D,,,,,,
,NC3,12/04/2014,5.94,7.06,64,124,52,80,4.0,D,,,,,,
,BB2,12/03/2014,4.60,NS,200000,NS,2000,NS,2.0,D,,,,,,
,BB4,12/03/2014,6.02,7.00,6400,NS,640,NS,5.0,D,,,,,,
,CIC3,12/03/2014,7.11,7.90,790,NS,420,NS,6.5,D,,,,,,
,GB1,12/03/2014,7.37,8.01,22,NS,8,NS,5.0,D,,,,,,
,J1,12/03/2014,7.13,7.16,47,NS,2,NS,6.5,D,,,,,,
,J10,12/03/2014,7.82,8.63,260,NS,12,NS,10.0,D,,,,,,
,J11,12/03/2014,6.39,7.54,590,NS,230,NS,6.0,D,,,,,,
,J12,12/03/2014,7.37,8.14,200,NS,10,NS,10.0,D,,,,,,
,J2,12/03/2014,7.54,8.29,54,NS,4,NS,9.0,D,,,,,,
,J3,12/03/2014,7.54,8.53,240,NS,12,NS,7.0,D,,,,,,
,J5,12/03/2014,6.88,7.45,58,NS,3,NS,5.0,D,,,,,,
,J7,12/03/2014,6.57,7.32,1900,NS,78,NS,7.0,D,,,,,,
,J8,12/03/2014,7.43,7.95,460,NS,15,NS,6.5,D,,,,,,
,J9A,12/03/2014,6.24,7.21,200,NS,11,NS,7.5,D,,,,,,
,N16,12/03/2014,NS,NS,NS,NS,NS,NS,NS,D,,,,,,
,N9,12/03/2014,7.01,8.11,47,NS,13,NS,4.0,D,,,,,,
,N9A,12/03/2014,7.62,8.51,11,NS,2,NS,7.0,D,,,,,,
,PB2,12/03/2014,6.41,7.00,50,NS,20,NS,8.0,D,,,,,,
,PB3,12/03/2014,7.54,NS,260,NS,18,NS,6.0,D,,,,,,
,SP2,12/03/2014,7.91,NS,470,NS,27,NS,9.5,D,,,,,,
,BR5,12/02/2014,8.77,NS,88,NS,32,NS,NS,D,,,,,,
,E10,12/02/2014,9.19,9.19,3,NS,1,NS,5.0,D,,,,,,
,E11,12/02/2014,9.45,NS,58,NS,48,NS,3.5,D,,,,,,
,E14,12/02/2014,8.95,8.96,10,NS,12,NS,NS,D,,,,,,
,E15,12/02/2014,8.36,8.30,261,NS,76,NS,4.5,D,,,,,,
,E2,12/02/2014,8.51,8.49,22,NS,5,NS,3.5,D,,,,,,
,E4,12/02/2014,8.84,8.90,6,NS,6,NS,4.0,D,,,,,,
,E6,12/02/2014,8.87,8.98,3,NS,6,NS,4.0,D,,,,,,
,E7,12/02/2014,8.99,8.92,4,NS,2,NS,5.0,D,,,,,,
,E8,12/02/2014,9.08,9.12,4,NS,3,NS,6.0,D,,,,,,
,FB1,12/02/2014,8.70,8.69,31,NS,18,NS,4.0,D,,,,,,
,FLC1,12/02/2014,NS,NS,NS,NS,NS,NS,NS,D,,,,,,
,FLC2,12/02/2014,8.24,8.33,275,NS,114,NS,3.0,D,,,,,,
,H3,12/02/2014,8.48,8.38,7,NS,12,NS,4.0,D,,,,,,
,LN1,12/02/2014,9.47,NS,36,NS,4,NS,2.5,D,,,,,,
,N1,12/02/2014,10.31,9.28,70,NS,48,NS,1.5,D,,,,,,
,N3B,12/02/2014,9.42,8.48,46,NS,50,NS,1.5,D,,,,,,
,N4,12/02/2014,9.11,8.40,157,NS,54,NS,2.0,D,,,,,,
,N5,12/02/2014,9.17,8.26,38,NS,16,NS,3.0,D,,,,,,
,E12,12/01/2014,9.00,NS,56,NS,28,NS,NS,D,,,,,,
,HR03,12/01/2014,8.22,NS,227,NS,64,NS,NS,D,,,,,,
,HR1,12/01/2014,8.06,NS,100,NS,20,NS,NS,D,,,,,,
,HR2,12/01/2014,7.28,NS,3400,NS,910,NS,NS,D,,,,,,
,E2,11/24/2014,6.59,7.89,180,NS,84,NS,3.5,W,,,,,,
,K1,11/24/2014,7.43,8.46,248,NS,68,NS,4.0,W,,,,,,
,N5,11/24/2014,7.55,8.07,73,NS,28,NS,4.0,W,,,,,,
,N6,11/24/2014,7.16,7.65,31,NS,12,NS,4.0,W,,,,,,
,N7,11/24/2014,8.05,8.65,19,NS,52,NS,3.0,W,,,,,,
,AC1,11/19/2014,NS,NS,1800,NS,450,NS,NS,W,,,,,,
,AC2,11/19/2014,NS,NS,6900,NS,660,NS,NS,W,,,,,,
,BR1,11/19/2014,11.95,NS,2300,NS,2700,NS,NS,W,,,,,,
,BR3,11/19/2014,7.63,NS,2000,NS,1400,NS,NS,W,,,,,,
,E11,11/19/2014,8.61,NS,120,NS,135,NS,NS,W,,,,,,
,E12,11/19/2014,9.52,NS,36,NS,10,NS,NS,W,,,,,,
,E13,11/19/2014,8.83,NS,60,NS,24,NS,NS,W,,,,,,
,HC1,11/19/2014,3.98,NS,90,NS,60,NS,NS,W,,,,,,
,HC2,11/19/2014,8.42,NS,9,NS,10,NS,NS,W,,,,,,
,HR03,11/19/2014,7.48,NS,930,NS,800,NS,NS,W,,,,,,
,HR1,11/19/2014,8.67,NS,410,NS,56000,NS,NS,W,,,,,,
,HR2,11/19/2014,6.31,NS,1800,NS,800,NS,NS,W,,,,,,
,LN1,11/19/2014,9.31,NS,160,NS,89,NS,NS,W,,,,,,
,SP1,11/19/2014,NS,NS,NS,NS,NS,NS,NS,W,,,,,,
,WC1,11/19/2014,8.63,NS,3000,NS,910,NS,NS,W,,,,,,
,WC2,11/19/2014,NS,NS,NS,NS,NS,NS,NS,W,,,,,,
,WC3,11/19/2014,8.96,NS,530,NS,303,NS,NS,W,,,,,,
,CIC2,11/18/2014,5.39,NS,35000,NS,8900,NS,NS,W,,,,,,
,GC3,11/18/2014,0.88,0.97,13000,NS,42000,NS,NS,W,,,,,,
,GC4,11/18/2014,1.02,1.96,56000,21000,62000,7000,NS,W,,,,,,
,GC5,11/18/2014,1.60,3.31,75000,32000,26000,3400,NS,W,,,,,,
,GC6,11/18/2014,4.22,4.41,20000,9100,25000,4400,NS,W,,,,,,
,BB2,11/17/2014,4.86,NS,20000,NS,1440,NS,1.5,W,,,,,,
,BB4,11/17/2014,7.77,7.61,2700,NS,222,NS,1.5,W,,,,,,
,CIC3,11/17/2014,7.46,7.46,2600,NS,280,NS,4.0,W,,,,,,
,GB1,11/17/2014,7.71,7.81,4000,NS,4000,NS,1.0,W,,,,,,
,J1,11/17/2014,8.57,8.40,4,NS,2,NS,8.5,W,,,,,,
,J10,11/17/2014,7.96,7.98,224,NS,16,NS,11.0,W,,,,,,
,J11,11/17/2014,7.75,7.77,82,NS,32,NS,8.0,W,,,,,,
,J12,11/17/2014,8.08,7.73,91,NS,6,NS,7.0,W,,,,,,
,J2,11/17/2014,8.07,8.16,19,NS,6,NS,11.0,W,,,,,,
,J3,11/17/2014,7.91,8.11,240,NS,10,NS,10.5,W,,,,,,
,J5,11/17/2014,8.56,8.50,20,NS,10,NS,9.5,W,,,,,,
,J7,11/17/2014,7.70,7.51,9400,NS,660,NS,3.0,W,,,,,,
,J8,11/17/2014,7.70,7.83,1700,NS,18,NS,8.5,W,,,,,,
,J9A,11/17/2014,8.00,7.98,160,NS,14,NS,9.5,W,,,,,,
,N16,11/17/2014,8.07,8.08,2,NS,2,NS,12.5,W,,,,,,
,N9,11/17/2014,8.00,7.95,10,NS,4,NS,10.0,W,,,,,,
,N9A,11/17/2014,8.25,8.24,2,NS,4,NS,11.0,W,,,,,,
,PB2,11/17/2014,7.19,7.29,15,NS,24,NS,10.0,W,,,,,,
,PB3,11/17/2014,7.90,NS,370,NS,121,NS,8.5,W,,,,,,
,SP2,11/17/2014,8.03,NS,5500,NS,40,NS,11.0,W,,,,,,
,G2,11/13/2014,7.06,7.00,4,NS,1,NS,5.5,D,,,,,,
,K1,11/13/2014,7.50,7.22,12,NS,3,NS,5.0,D,,,,,,
,K2,11/13/2014,6.90,6.93,8,NS,4,NS,4.0,D,,,,,,
,K3,11/13/2014,6.77,6.76,10,NS,8,NS,5.0,D,,,,,,
,K4,11/13/2014,6.76,6.38,8,NS,2,NS,6.0,D,,,,,,
,K5,11/13/2014,6.20,6.14,4,NS,3,NS,5.0,D,,,,,,
,K5A,11/13/2014,7.13,7.03,1,NS,2,NS,5.0,D,,,,,,
,K6,11/13/2014,7.52,7.69,1,NS,2,NS,6.5,D,,,,,,
,N6,11/13/2014,7.49,7.40,5,NS,1,NS,4.5,D,,,,,,
,N7,11/13/2014,7.56,7.26,10,NS,1,NS,4.0,D,,,,,,
,N8,11/13/2014,7.45,7.42,8,NS,2,NS,5.0,D,,,,,,
,NC0,11/13/2014,3.15,3.17,36,42,16,20,4.5,D,,,,,,
,NC1,11/13/2014,4.12,4.18,22,14,16,8,5.0,D,,,,,,
,NC2,11/13/2014,4.94,4.85,31,39,20,12,5.5,D,,,,,,
,NC3,11/13/2014,5.71,5.88,17,14,16,16,4.0,D,,,,,,
,BR5,11/05/2014,NS,NS,NS,NS,NS,NS,NS,D,,,,,,
,E10,11/05/2014,8.20,7.96,2,NS,1,NS,5.0,D,,,,,,
,E14,11/05/2014,8.06,7.82,4,NS,4,NS,3.0,D,,,,,,
,E15,11/05/2014,7.77,7.62,132,NS,8,NS,2.5,D,,,,,,
,E2,11/05/2014,7.72,7.64,12,NS,4,NS,4.0,D,,,,,,
,E4,11/05/2014,7.93,7.93,9,NS,3,NS,3.5,D,,,,,,
,E6,11/05/2014,7.92,7.71,23,NS,1,NS,3.5,D,,,,,,
,E7,11/05/2014,8.16,8.03,3,NS,1,NS,5.5,D,,,,,,
,E8,11/05/2014,8.37,8.35,2,NS,1,NS,5.0,D,,,,,,
,FB1,11/05/2014,7.76,7.85,39,NS,2,NS,2.5,D,,,,,,
,FLC1,11/05/2014,6.49,6.45,590,NS,98,NS,2.0,D,,,,,,
,FLC2,11/05/2014,6.90,6.76,680,NS,148,NS,2.0,D,,,,,,
,H3,11/05/2014,7.70,7.40,50,NS,3,NS,3.0,D,,,,,,
,N1,11/05/2014,8.00,7.75,54,NS,4,NS,2.0,D,,,,,,
,N3B,11/05/2014,7.86,7.73,58,NS,8,NS,2.5,D,,,,,,
,N4,11/05/2014,7.63,7.81,20,NS,2,NS,3.0,D,,,,,,
,N5,11/05/2014,7.97,8.14,21,NS,1,NS,5.0,D,,,,,,
,GC3,11/03/2014,9.43,NS,9,NS,20,NS,NS,W,,,,,,
,GC4,11/03/2014,9.14,8.82,18,27,10,20,NS,W,,,,,,
,GC5,11/03/2014,9.45,9.37,9,45,20,40,NS,W,,,,,,
,GC6,11/03/2014,8.79,8.61,280,144,20,30,NS,W,,,,,,
,GC3,10/08/2014,8.88,8.87,50,96,40,44,NS,D,,,,,,
,GC4,10/08/2014,8.60,8.64,84,77,64,36,NS,D,,,,,,
,GC5,10/08/2014,8.43,8.54,88,65,90,60,NS,D,,,,,,
,GC6,10/08/2014,7.06,6.03,136,356,108,120,NS,D,,,,,,
,BB2,10/07/2014,NS,NS,NS,NS,NS,NS,NS,D,,,,,,
,BB4,10/07/2014,NS,NS,NS,NS,NS,NS,NS,D,,,,,,
,CIC3,10/07/2014,6.63,6.65,500,NS,10,NS,8.0,D,,,,,,
,GB1,10/07/2014,7.13,7.02,6,NS,4,NS,7.0,D,,,,,,
,J1,10/07/2014,6.74,6.75,11,NS,1,NS,5.0,D,,,,,,
,J10,10/07/2014,6.43,6.34,104,NS,4,NS,4.5,D,,,,,,
,J11,10/07/2014,7.60,7.13,220,NS,14,NS,5.5,D,,,,,,
,J12,10/07/2014,NS,NS,NS,NS,NS,NS,NS,D,,,,,,
,J2,10/07/2014,6.70,6.50,70,NS,4,NS,4.5,D,,,,,,
,J3,10/07/2014,6.22,6.13,116,NS,3,NS,4.0,D,,,,,,
,J5,10/07/2014,NS,NS,NS,NS,NS,NS,NS,D,,,,,,
,J7,10/07/2014,NS,NS,NS,NS,NS,NS,NS,D,,,,,,
,J8,10/07/2014,5.95,5.83,2900,NS,3,NS,4.0,D,,,,,,
,J9A,10/07/2014,6.27,6.24,210,NS,6,NS,5.0,D,,,,,,
,N16,10/07/2014,NS,NS,NS,NS,NS,NS,NS,D,,,,,,
,N9,10/07/2014,6.83,6.90,7,NS,1,NS,5.5,D,,,,,,
,N9A,10/07/2014,6.49,6.63,2,NS,1,NS,4.0,D,,,,,,
,PB2,10/07/2014,6.61,6.75,220,NS,7,NS,3.5,D,,,,,,
,PB3,10/07/2014,6.83,NS,124,NS,1,NS,4.0,D,,,,,,
,SP2,10/07/2014,6.22,NS,210,NS,6,NS,4.0,D,,,,,,
,BR5,10/06/2014,NS,NS,NS,NS,NS,NS,NS,W,,,,,,
,E10,10/06/2014,6.36,6.22,58,NS,2,NS,4.0,W,,,,,,
,E14,10/06/2014,5.88,5.77,290,NS,6,NS,3.0,W,,,,,,
,E15,10/06/2014,5.30,5.22,3800,NS,110,NS,3.5,W,,,,,,
,E2,10/06/2014,5.52,5.72,144,NS,28,NS,4.5,W,,,,,,
,E4,10/06/2014,5.78,5.75,288,NS,4,NS,4.0,W,,,,,,
,E6,10/06/2014,6.27,6.06,290,NS,2,NS,3.0,W,,,,,,
,E7,10/06/2014,6.10,5.82,227,NS,2,NS,4.0,W,,,,,,
,E8,10/06/2014,6.33,6.12,132,NS,4,NS,4.5,W,,,,,,
,FB1,10/06/2014,5.80,5.79,1900,NS,24,NS,3.0,W,,,,,,
,FLC1,10/06/2014,4.85,4.68,3900,NS,80,NS,2.5,W,,,,,,
,FLC2,10/06/2014,5.08,4.90,5500,NS,110,NS,3.5,W,,,,,,
,H3,10/06/2014,5.60,5.43,260,NS,74,NS,3.0,W,,,,,,
,N1,10/06/2014,6.41,5.82,52,NS,4,NS,2.0,W,,,,,,
,N3B,10/06/2014,5.90,5.58,84,NS,8,NS,3.0,W,,,,,,
,N4,10/06/2014,5.85,5.76,85,NS,6,NS,3.0,W,,,,,,
,N5,10/06/2014,6.27,6.30,92,NS,8,NS,4.0,W,,,,,,
,AC1,10/02/2014,6.25,NS,3100,NS,1400,NS,NS,D,,,,,,
,AC2,10/02/2014,5.75,NS,3400,NS,500,NS,NS,D,,,,,,
,BR1,10/02/2014,5.91,NS,1300,NS,348,NS,NS,D,,,,,,
,BR3,10/02/2014,2.08,NS,356,NS,104,NS,NS,D,,,,,,
,E11,10/02/2014,5.97,NS,12,NS,1,NS,NS,D,,,,,,
,E13,10/02/2014,6.02,NS,16,NS,6,NS,NS,D,,,,,,
,LN1,10/02/2014,5.85,NS,42,NS,6,NS,NS,D,,,,,,
,WC1,10/02/2014,3.52,NS,134,NS,39,NS,NS,D,,,,,,
,WC2,10/02/2014,1.90,NS,330,NS,84,NS,NS,D,,,,,,
,WC3,10/02/2014,5.53,NS,64,NS,13,NS,NS,D,,,,,,
,CIC2,10/01/2014,4.20,NS,4700,NS,104,NS,NS,D,,,,,,
,G2,10/01/2014,4.40,4.84,12,NS,6,NS,6.0,D,,,,,,
,HC1,10/01/2014,0.71,NS,46,NS,18,NS,NS,D,,,,,,
,HC2,10/01/2014,2.87,NS,2,NS,2,NS,NS,D,,,,,,
,K1,10/01/2014,5.74,5.28,8,NS,1,NS,4.5,D,,,,,,
,K2,10/01/2014,4.33,4.04,10,NS,10,NS,5.0,D,,,,,,
,K3,10/01/2014,5.45,5.33,12,NS,6,NS,5.0,D,,,,,,
,K4,10/01/2014,4.82,4.83,20,NS,2,NS,3.5,D,,,,,,
,K5,10/01/2014,5.05,4.72,2,NS,1,NS,5.0,D,,,,,,
,K5A,10/01/2014,5.17,5.11,6,NS,3,NS,4.0,D,,,,,,
,K6,10/01/2014,5.91,6.08,1,NS,1,NS,12.0,D,,,,,,
,N6,10/01/2014,4.44,5.00,8,NS,1,NS,5.5,D,,,,,,
,N7,10/01/2014,5.29,5.57,38,NS,1,NS,5.0,D,,,,,,
,N8,10/01/2014,5.44,5.42,1,NS,1,NS,6.5,D,,,,,,
,NC0,10/01/2014,4.49,4.65,330,540,96,116,5.5,D,,,,,,
,NC1,10/01/2014,3.21,3.28,198,124,4,24,3.0,D,,,,,,
,NC2,10/01/2014,4.00,4.14,212,214,700,1000,4.0,D,,,,,,
,NC3,10/01/2014,3.55,3.73,22,58,28,8,2.0,D,,,,,,
,SP1,10/01/2014,3.46,NS,44,NS,8,NS,NS,D,,,,,,
,BB2,09/30/2014,2.34,NS,79000,NS,146,NS,3.5,D,,,,,,
,BB4,09/30/2014,2.87,2.73,14000,NS,21,NS,4.0,D,,,,,,
,CIC3,09/30/2014,6.39,6.08,2000,NS,36,NS,9.0,D,,,,,,
,F1,09/30/2014,4.37,NS,280,NS,24,NS,NS,D,,,,,,
,F5,09/30/2014,5.01,NS,230,NS,2,NS,NS,D,,,,,,
,GB1,09/30/2014,6.01,6.23,13,NS,1,NS,7.0,D,,,,,,
,J1,09/30/2014,6.18,6.10,9,NS,1,NS,7.0,D,,,,,,
,J10,09/30/2014,5.53,5.22,1,NS,1,NS,5.0,D,,,,,,
,J11,09/30/2014,6.30,5.91,20,NS,10,NS,6.0,D,,,,,,
,J12,09/30/2014,3.98,4.22,330,NS,4,NS,4.0,D,,,,,,
,J14,09/30/2014,4.66,NS,5,NS,2,NS,NS,D,,,,,,
,J16,09/30/2014,5.62,NS,7,NS,2,NS,NS,D,,,,,,
,J2,09/30/2014,5.66,5.29,1,NS,1,NS,5.0,D,,,,,,
,J3,09/30/2014,5.48,5.43,10,NS,1,NS,4.5,D,,,,,,
,J5,09/30/2014,5.28,5.72,22,NS,1,NS,5.0,D,,,,,,
,J7,09/30/2014,4.41,4.16,2500,NS,1,NS,5.0,D,,,,,,
,J8,09/30/2014,5.11,5.01,53,NS,1,NS,5.0,D,,,,,,
,J9A,09/30/2014,5.50,5.23,14,NS,1,NS,6.0,D,,,,,,
,N16,09/30/2014,6.04,5.47,1,NS,1,NS,14.0,D,,,,,,
,N9,09/30/2014,6.22,6.21,5,NS,1,NS,7.5,D,,,,,,
,N9A,09/30/2014,6.50,6.29,2,NS,1,NS,9.0,D,,,,,,
,PB2,09/30/2014,4.80,4.85,168,NS,2,NS,3.5,D,,,,,,
,PB3,09/30/2014,5.68,NS,62,NS,1,NS,5.0,D,,,,,,
,SP2,09/30/2014,4.86,NS,114,NS,2,NS,5.5,D,,,,,,
,BR5,09/29/2014,5.49,NS,17,NS,4,NS,3.5,D,,,,,,
,E10,09/29/2014,5.86,5.68,2,NS,1,NS,5.5,D,,,,,,
,E14,09/29/2014,5.52,5.60,6,NS,2,NS,6.0,D,,,,,,
,E15,09/29/2014,5.20,5.37,112,NS,8,NS,4.0,D,,,,,,
,E2,09/29/2014,5.10,5.16,9,NS,2,NS,5.5,D,,,,,,
,E4,09/29/2014,4.99,4.98,12,NS,1,NS,4.0,D,,,,,,
,E6,09/29/2014,4.77,5.14,5,NS,1,NS,6.0,D,,,,,,
,E7,09/29/2014,5.61,5.59,8,NS,1,NS,4.0,D,,,,,,
,E8,09/29/2014,5.54,5.70,8,NS,1,NS,4.5,D,,,,,,
,FB1,09/29/2014,5.32,5.30,8,NS,3,NS,4.0,D,,,,,,
,FLC1,09/29/2014,3.71,3.87,390,NS,26,NS,3.5,D,,,,,,
,FLC2,09/29/2014,4.98,4.86,570,NS,18,NS,3.5,D,,,,,,
,GC3,09/29/2014,7.96,7.95,50,11,28,12,NS,D,,,,,,
,GC4,09/29/2014,7.84,7.68,11,8,24,28,NS,D,,,,,,
,GC5,09/29/2014,7.55,7.19,31,19,20,16,NS,D,,,,,,
,GC6,09/29/2014,7.05,6.59,11,50,4,20,NS,D,,,,,,
,H3,09/29/2014,5.98,5.62,14,NS,1,NS,3.0,D,,,,,,
,N1,09/29/2014,5.97,5.84,80,NS,6,NS,3.0,D,,,,,,
,N3B,09/29/2014,6.15,5.61,52,NS,6,NS,3.0,D,,,,,,
,N4,09/29/2014,5.93,5.83,40,NS,4,NS,3.5,D,,,,,,
,N5,09/29/2014,5.20,3.97,4,NS,2,NS,6.5,D,,,,,,
,AC1,09/25/2014,6.58,NS,800,NS,108,NS,NS,D,,,,,,
,AC2,09/25/2014,5.60,NS,75000,NS,4800,NS,NS,D,,,,,,
,BR1,09/25/2014,6.49,NS,1100,NS,388,NS,NS,D,,,,,,
,BR3,09/25/2014,2.50,NS,124,NS,64,NS,NS,D,,,,,,
,E11,09/25/2014,6.24,NS,4,NS,1,NS,0.0,D,,,,,,
,E13,09/25/2014,5.81,NS,6,NS,1,NS,0.0,D,,,,,,
,LN1,09/25/2014,9.30,NS,60,NS,15,NS,0.0,D,,,,,,
,WC1,09/25/2014,9.38,NS,116,NS,45,NS,0.0,D,,,,,,
,WC2,09/25/2014,8.35,NS,42,NS,11,NS,0.0,D,,,,,,
,WC3,09/25/2014,6.35,NS,10,NS,1,NS,0.0,D,,,,,,
,CIC2,09/24/2014,6.60,NS,181000,NS,800,NS,NS,D,,,,,,
,G2,09/24/2014,5.83,6.21,60,NS,13,NS,5.5,D,,,,,,
,HC1,09/24/2014,2.93,NS,68,NS,4,NS,NS,D,,,,,,
,HC2,09/24/2014,3.02,NS,1,NS,2,NS,NS,D,,,,,,
,K1,09/24/2014,5.44,5.76,8,NS,1,NS,3.0,D,,,,,,
,K2,09/24/2014,6.07,6.07,8,NS,10,NS,4.5,D,,,,,,
,K3,09/24/2014,5.64,5.46,4,NS,3,NS,5.5,D,,,,,,
,K4,09/24/2014,5.74,5.67,12,NS,3,NS,5.0,D,,,,,,
,K5,09/24/2014,5.72,5.62,2,NS,1,NS,4.5,D,,,,,,
,K5A,09/24/2014,6.00,5.55,2,NS,1,NS,3.5,D,,,,,,
,K6,09/24/2014,5.73,5.77,1,NS,1,NS,6.0,D,,,,,,
,N6,09/24/2014,6.22,6.06,5,NS,2,NS,4.0,D,,,,,,
,N7,09/24/2014,6.31,6.07,4,NS,1,NS,6.5,D,,,,,,
,N8,09/24/2014,6.15,5.18,1,NS,1,NS,8.5,D,,,,,,
,NC0,09/24/2014,7.12,6.98,140,192,16,20,4.0,D,,,,,,
,NC1,09/24/2014,4.39,4.38,36,47,30,28,3.0,D,,,,,,
,NC2,09/24/2014,5.22,5.22,116,72,30,16,3.5,D,,,,,,
,NC3,09/24/2014,4.81,5.05,22,44,12,4,4.0,D,,,,,,
,SP1,09/24/2014,3.44,NS,352,NS,30,NS,NS,D,,,,,,
,BB2,09/23/2014,0.00,NS,126000,NS,1050,NS,1.0,D,,,,,,
,BB4,09/23/2014,3.62,3.23,4900,NS,2,NS,3.5,D,,,,,,
,CIC3,09/23/2014,6.77,6.87,250,NS,2,NS,4.5,D,,,,,,
,F1,09/23/2014,4.10,NS,46,NS,2,NS,NS,D,,,,,,
,F5,09/23/2014,5.08,NS,48,NS,2,NS,NS,D,,,,,,
,GB1,09/23/2014,6.37,6.31,2,NS,1,NS,5.0,D,,,,,,
,J1,09/23/2014,5.95,5.77,2,NS,1,NS,4.0,D,,,,,,
,J10,09/23/2014,5.27,5.37,29,NS,1,NS,4.0,D,,,,,,
,J11,09/23/2014,6.57,6.40,102,NS,3,NS,4.5,D,,,,,,
,J12,09/23/2014,6.51,4.33,380,NS,4,NS,2.5,D,,,,,,
,J14,09/23/2014,5.96,NS,5,NS,2,NS,NS,D,,,,,,
,J16,09/23/2014,6.30,NS,24,NS,2,NS,NS,D,,,,,,
,J2,09/23/2014,5.25,5.15,11,NS,10,NS,4.0,D,,,,,,
,J3,09/23/2014,4.87,4.84,320,NS,1,NS,4.0,D,,,,,,
,J5,09/23/2014,5.81,5.65,26,NS,1,NS,4.0,D,,,,,,
,J7,09/23/2014,7.46,5.77,490,NS,1,NS,3.0,D,,,,,,
,J8,09/23/2014,4.18,4.02,2700,NS,1,NS,4.0,D,,,,,,
,J9A,09/23/2014,4.64,4.60,1180,NS,1,NS,3.5,D,,,,,,
,N16,09/23/2014,6.79,6.76,1,NS,1,NS,9.0,D,,,,,,
,N9,09/23/2014,6.69,6.59,1,NS,1,NS,7.0,D,,,,,,
,N9A,09/23/2014,6.31,6.30,1,NS,1,NS,6.0,D,,,,,,
,PB2,09/23/2014,8.66,7.98,66,NS,1,NS,2.0,D,,,,,,
,PB3,09/23/2014,6.96,NS,22,NS,1,NS,3.5,D,,,,,,
,SP2,09/23/2014,3.82,NS,1720,NS,1,NS,4.0,D,,,,,,
,BR5,09/22/2014,NS,NS,NS,NS,NS,NS,NS,NS,,,,,,
,E10,09/22/2014,6.49,6.35,2,NS,1,NS,5.0,D,,,,,,
,E14,09/22/2014,6.05,6.37,13,NS,1,NS,3.5,D,,,,,,
,E15,09/22/2014,6.55,6.60,80,NS,1,NS,3.5,D,,,,,,
,E2,09/22/2014,6.31,5.64,8,NS,1,NS,5.0,D,,,,,,
,E4,09/22/2014,5.96,6.25,22,NS,10,NS,5.0,D,,,,,,
,E6,09/22/2014,6.28,6.48,31,NS,1,NS,5.0,D,,,,,,
,E7,09/22/2014,6.55,5.75,12,NS,1,NS,5.0,D,,,,,,
,E8,09/22/2014,6.60,5.61,6,NS,1,NS,5.0,D,,,,,,
,FB1,09/22/2014,6.70,6.35,61,NS,1,NS,3.0,D,,,,,,
,FLC1,09/22/2014,4.27,4.16,2900,NS,30,NS,2.5,D,,,,,,
,FLC2,09/22/2014,6.11,5.81,870,NS,10,NS,3.0,D,,,,,,
,GC3,09/22/2014,8.58,8.35,50,50,100,12,NS,D,,,,,,
,GC4,09/22/2014,8.19,8.27,88,54,16,20,NS,D,,,,,,
,GC5,09/22/2014,8.14,8.16,65,112,10,40,NS,D,,,,,,
,GC6,09/22/2014,7.17,6.67,124,224,16,52,NS,D,,,,,,
,H3,09/22/2014,5.60,5.82,11,NS,8,NS,4.0,D,,,,,,
,N1,09/22/2014,7.03,6.19,6,NS,1,NS,2.5,D,,,,,,
,N3B,09/22/2014,6.52,5.86,22,NS,4,NS,3.0,D,,,,,,
,N4,09/22/2014,6.36,5.88,41,NS,8,NS,3.0,D,,,,,,
,N5,09/22/2014,6.33,5.86,11,NS,2,NS,4.5,D,,,,,,
,AC1,09/18/2014,2.15,NS,1100,NS,420,NS,NS,W,,,,,,
,AC2,09/18/2014,2.27,NS,510,NS,170,NS,NS,W,,,,,,
,BR1,09/18/2014,6.38,NS,1900,NS,510,NS,NS,W,,,,,,
,BR3,09/18/2014,2.03,NS,290,NS,20,NS,NS,W,,,,,,
,E11,09/18/2014,7.12,NS,9,NS,2,NS,NS,W,,,,,,
,E13,09/18/2014,5.14,NS,33,NS,2,NS,NS,W,,,,,,
,LN1,09/18/2014,7.80,NS,18,NS,4,NS,NS,W,,,,,,
,WC1,09/18/2014,6.41,NS,2400,NS,14,NS,NS,W,,,,,,
,WC2,09/18/2014,4.56,NS,820,NS,14,NS,NS,W,,,,,,
,WC3,09/18/2014,5.34,NS,8,NS,2,NS,NS,W,,,,,,
,CIC2,09/17/2014,3.97,NS,54000,NS,380,NS,NS,W,,,,,,
,G2,09/17/2014,6.18,5.69,216,NS,8,NS,8.5,W,,,,,,
,HC1,09/17/2014,1.11,NS,240,NS,10,NS,NS,W,,,,,,
,HC2,09/17/2014,3.60,NS,10,NS,10,NS,NS,W,,,,,,
,K1,09/17/2014,5.97,5.50,31,NS,4,NS,4.0,W,,,,,,
,K2,09/17/2014,5.76,5.74,28,NS,22,NS,4.0,W,,,,,,
,K3,09/17/2014,5.36,5.33,540,NS,74,NS,5.5,W,,,,,,
,K4,09/17/2014,5.16,4.47,61,NS,10,NS,5.0,W,,,,,,
,K5,09/17/2014,4.90,4.49,8,NS,2,NS,6.0,W,,,,,,
,K5A,09/17/2014,6.26,5.77,4,NS,2,NS,6.0,W,,,,,,
,K6,09/17/2014,6.84,6.69,4,NS,4,NS,10.0,W,,,,,,
,N6,09/17/2014,6.09,5.70,45,NS,16,NS,4.5,W,,,,,,
,N7,09/17/2014,5.72,5.65,120,NS,24,NS,5.0,W,,,,,,
,N8,09/17/2014,6.13,5.96,60,NS,4,NS,4.5,W,,,,,,
,NC0,09/17/2014,6.57,6.49,4600,5600,290,370,3.0,W,,,,,,
,NC1,09/17/2014,2.13,2.09,7900,5100,1660,1140,2.5,W,,,,,,
,NC2,09/17/2014,2.23,2.10,7000,7800,1260,1720,3.0,W,,,,,,
,NC3,09/17/2014,3.22,2.92,9100,2100,720,150,3.5,W,,,,,,
,SP1,09/17/2014,2.91,NS,45,NS,10,NS,NS,W,,,,,,
,BB2,09/16/2014,0.67,NS,137000,NS,2000,NS,1.0,D,,,,,,
,BB4,09/16/2014,2.54,2.82,89000,NS,2000,NS,3.0,D,,,,,,
,CIC3,09/16/2014,4.65,4.51,1200,NS,70,NS,5.0,D,,,,,,
,F1,09/16/2014,3.25,NS,730,NS,82,NS,NS,D,,,,,,
,F5,09/16/2014,4.16,NS,2000,NS,2000,NS,NS,D,,,,,,
,GB1,09/16/2014,5.61,5.51,2000,NS,2000,NS,0.5,D,,,,,,
,J1,09/16/2014,5.11,5.26,4,NS,1,NS,7.0,D,,,,,,
,J10,09/16/2014,4.35,4.56,21,NS,1,NS,5.5,D,,,,,,
,J11,09/16/2014,5.31,5.66,660,NS,27,NS,5.0,D,,,,,,
,J12,09/16/2014,4.27,3.15,270,NS,2,NS,5.0,D,,,,,,
,J14,09/16/2014,5.95,NS,7,NS,4,NS,NS,D,,,,,,
,J16,09/16/2014,6.39,NS,16,NS,2,NS,NS,D,,,,,,
,J2,09/16/2014,4.28,4.53,13,NS,1,NS,6.0,D,,,,,,
,J3,09/16/2014,3.94,4.23,22,NS,2000,NS,6.0,D,,,,,,
,J5,09/16/2014,5.40,5.48,34,NS,6,NS,5.0,D,,,,,,
,J7,09/16/2014,2.90,3.20,8300,NS,1000,NS,6.0,D,,,,,,
,J8,09/16/2014,4.21,3.87,180,NS,7,NS,6.5,D,,,,,,
,J9A,09/16/2014,4.02,3.95,35,NS,1,NS,4.5,D,,,,,,
,N16,09/16/2014,5.84,6.21,8,NS,1,NS,9.5,D,,,,,,
,N9,09/16/2014,6.20,6.05,16,NS,2,NS,6.0,D,,,,,,
,N9A,09/16/2014,6.18,6.24,7,NS,2,NS,7.0,D,,,,,,
,PB2,09/16/2014,4.00,4.30,124,NS,40,NS,5.0,D,,,,,,
,PB3,09/16/2014,5.15,NS,930,NS,142,NS,6.0,D,,,,,,
,SP2,09/16/2014,4.31,NS,220,NS,1,NS,6.5,D,,,,,,
,BR5,09/15/2014,6.28,NS,3,NS,2,NS,2.0,W,,,,,,
,E10,09/15/2014,6.14,5.93,1,NS,2,NS,5.5,W,,,,,,
,E14,09/15/2014,5.37,5.00,15,NS,2,NS,5.0,W,,,,,,
,E15,09/15/2014,5.90,5.65,490,NS,10,NS,3.5,W,,,,,,
,E2,09/15/2014,5.02,4.98,33,NS,4,NS,4.5,W,,,,,,
,E4,09/15/2014,4.73,5.01,18,NS,2,NS,5.0,W,,,,,,
,E6,09/15/2014,5.05,4.90,16,NS,2,NS,5.5,W,,,,,,
,E7,09/15/2014,5.42,5.21,27,NS,2,NS,6.0,W,,,,,,
,E8,09/15/2014,5.43,5.51,26,NS,2,NS,5.5,W,,,,,,
,FB1,09/15/2014,5.49,5.40,96,NS,2,NS,4.0,W,,,,,,
,FLC1,09/15/2014,4.62,4.18,1600,NS,10,NS,2.0,W,,,,,,
,FLC2,09/15/2014,5.45,5.51,700,NS,10,NS,3.0,W,,,,,,
,GC3,09/15/2014,8.18,8.31,9,45,20,10,NS,W,,,,,,
,GC4,09/15/2014,7.97,7.92,63,27,10,20,NS,W,,,,,,
,GC5,09/15/2014,7.79,7.64,81,153,20,10,NS,W,,,,,,
,GC6,09/15/2014,7.15,6.92,144,300,10,30,NS,W,,,,,,
,H3,09/15/2014,5.33,5.31,112,NS,20,NS,4.0,W,,,,,,
,N1,09/15/2014,6.83,5.60,12,NS,2,NS,3.0,W,,,,,,
,N3B,09/15/2014,6.95,5.13,15,NS,2,NS,3.0,W,,,,,,
,N4,09/15/2014,6.15,5.39,323,NS,22,NS,3.0,W,,,,,,
,N5,09/15/2014,5.99,5.30,221,NS,34,NS,2.5,W,,,,,,
,AC1,09/11/2014,3.98,NS,144,NS,12,NS,NS,D,,,,,,
,AC2,09/11/2014,3.75,NS,1500,NS,176,NS,NS,D,,,,,,
,BR1,09/11/2014,5.70,NS,1700,NS,336,NS,NS,D,,,,,,
,BR3,09/11/2014,1.03,NS,600,NS,160,NS,NS,D,,,,,,
,E11,09/11/2014,5.24,NS,8,NS,1,NS,NS,D,,,,,,
,E13,09/11/2014,4.78,NS,32,NS,10,NS,NS,D,,,,,,
,HC1,09/11/2014,1.37,NS,58,NS,26,NS,NS,D,,,,,,
,HC2,09/11/2014,4.71,NS,1,NS,2,NS,NS,D,,,,,,
,LN1,09/11/2014,6.13,NS,10,NS,1,NS,NS,D,,,,,,
,SP1,09/11/2014,3.69,NS,208,NS,160,NS,NS,D,,,,,,
,WC1,09/11/2014,5.18,NS,270,NS,120,NS,NS,D,,,,,,
,WC2,09/11/2014,1.42,NS,420,NS,72,NS,NS,D,,,,,,
,WC3,09/11/2014,5.19,NS,15,NS,1,NS,NS,D,,,,,,
,CIC2,09/10/2014,4.20,NS,14000,NS,48,NS,NS,D,,,,,,
,G2,09/10/2014,5.41,4.83,42,NS,6,NS,4.5,D,,,,,,
,GC3,09/10/2014,8.08,7.89,23,57,4,8,NS,D,,,,,,
,GC4,09/10/2014,7.72,6.30,50,69,20,16,NS,D,,,,,,
,GC5,09/10/2014,7.19,6.98,54,80,64,28,NS,D,,,,,,
,GC6,09/10/2014,5.31,4.58,228,236,40,44,NS,D,,,,,,
,K1,09/10/2014,5.49,5.41,12,NS,6,NS,3.5,D,,,,,,
,K2,09/10/2014,5.55,5.27,5,NS,1,NS,3.5,D,,,,,,
,K3,09/10/2014,4.67,5.15,18,NS,5,NS,3.5,D,,,,,,
,K4,09/10/2014,4.75,4.72,30,NS,5,NS,3.5,D,,,,,,
,K5,09/10/2014,4.82,4.64,5,NS,2,NS,3.0,D,,,,,,
,K5A,09/10/2014,5.63,5.15,5,NS,1,NS,3.5,D,,,,,,
,K6,09/10/2014,5.86,5.88,1,NS,1,NS,4.0,D,,,,,,
,N6,09/10/2014,5.49,5.30,2,NS,1,NS,3.5,D,,,,,,
,N7,09/10/2014,5.63,5.64,2,NS,1,NS,5.0,D,,,,,,
,N8,09/10/2014,5.46,5.92,6,NS,2,NS,4.5,D,,,,,,
,NC0,09/10/2014,6.28,5.92,440,460,64,24,3.5,D,,,,,,
,NC1,09/10/2014,3.93,3.61,340,290,44,52,3.5,D,,,,,,
,NC2,09/10/2014,3.96,3.91,254,224,20,36,4.0,D,,,,,,
,NC3,09/10/2014,4.31,4.36,100,92,4,30,5.0,D,,,,,,
,BB2,09/09/2014,2.63,NS,28000,NS,38,NS,1.5,D,,,,,,
,BB4,09/09/2014,4.11,3.93,4600,NS,4,NS,2.5,D,,,,,,
,CIC3,09/09/2014,5.83,5.53,2000,NS,25,NS,5.0,D,,,,,,
,F1,09/09/2014,4.73,NS,152,NS,10,NS,NS,D,,,,,,
,F5,09/09/2014,5.57,NS,160,NS,18,NS,NS,D,,,,,,
,GB1,09/09/2014,5.77,5.76,94,NS,5,NS,2.5,D,,,,,,
,J1,09/09/2014,6.80,6.87,7,NS,1,NS,3.0,D,,,,,,
,J10,09/09/2014,7.02,6.70,116,NS,2,NS,3.0,D,,,,,,
,J11,09/09/2014,5.88,5.78,106,NS,4,NS,4.5,D,,,,,,
,J12,09/09/2014,5.81,4.31,190,NS,1,NS,3.5,D,,,,,,
,J14,09/09/2014,6.12,NS,14,NS,2,NS,NS,D,,,,,,
,J16,09/09/2014,7.10,NS,18,NS,10,NS,NS,D,,,,,,
,J2,09/09/2014,6.63,5.83,41,NS,1,NS,3.0,D,,,,,,
,J3,09/09/2014,6.88,5.60,330,NS,1,NS,3.0,D,,,,,,
,J5,09/09/2014,5.36,5.51,13,NS,10,NS,4.0,D,,,,,,
,J7,09/09/2014,5.94,5.66,2600,NS,3,NS,3.0,D,,,,,,
,J8,09/09/2014,5.66,4.81,600,NS,1,NS,4.0,D,,,,,,
,J9A,09/09/2014,6.30,5.73,680,NS,1,NS,3.5,D,,,,,,
,N16,09/09/2014,NS,NS,NS,NS,NS,NS,NS,NS,,,,,,
,N9,09/09/2014,7.09,6.48,2,NS,2,NS,4.0,D,,,,,,
,N9A,09/09/2014,6.31,6.34,4,NS,2,NS,4.0,D,,,,,,
,PB2,09/09/2014,9.90,8.87,147,NS,1,NS,2.5,D,,,,,,
,PB3,09/09/2014,8.68,NS,123,NS,3,NS,3.0,D,,,,,,
,SP2,09/09/2014,5.39,NS,750,NS,2,NS,3.0,D,,,,,,
,BR5,09/08/2014,4.39,NS,74,NS,6,NS,4.0,D,,,,,,
,E10,09/08/2014,5.38,3.77,1,NS,3,NS,5.0,D,,,,,,
,E14,09/08/2014,4.39,4.47,7,NS,2,NS,4.0,D,,,,,,
,E15,09/08/2014,4.75,4.81,234,NS,1,NS,3.5,D,,,,,,
,E2,09/08/2014,5.32,4.71,30,NS,2,NS,3.5,D,,,,,,
,E4,09/08/2014,4.55,4.57,34,NS,2,NS,3.0,D,,,,,,
,E6,09/08/2014,4.51,4.15,5,NS,1,NS,4.5,D,,,,,,
,E7,09/08/2014,4.39,3.38,20,NS,3,NS,4.0,D,,,,,,
,E8,09/08/2014,4.14,3.97,6,NS,3,NS,4.5,D,,,,,,
,FB1,09/08/2014,4.58,4.68,69,NS,1,NS,4.0,D,,,,,,
,FLC1,09/08/2014,4.20,3.91,1300,NS,14,NS,4.0,D,,,,,,
,FLC2,09/08/2014,4.35,4.05,700,NS,5,NS,3.5,D,,,,,,
,H3,09/08/2014,4.42,4.53,25,NS,7,NS,3.0,D,,,,,,
,N1,09/08/2014,7.47,5.80,8,NS,1,NS,3.0,D,,,,,,
,N3B,09/08/2014,6.09,5.04,25,NS,4,NS,2.0,D,,,,,,
,N4,09/08/2014,5.59,4.85,48,NS,8,NS,3.0,D,,,,,,
,N5,09/08/2014,5.31,4.89,44,NS,13,NS,2.5,D,,,,,,
,AC1,09/04/2014,2.73,NS,1100,NS,372,NS,NS,D,,,,,,
,AC2,09/04/2014,1.23,NS,300,NS,276,NS,NS,D,,,,,,
,BR1,09/04/2014,4.87,NS,2400,NS,192,NS,NS,D,,,,,,
,BR3,09/04/2014,9.10,NS,900,NS,60,NS,NS,D,,,,,,
,E11,09/04/2014,5.25,NS,13,NS,2,NS,NS,D,,,,,,
,E13,09/04/2014,4.67,NS,5,NS,1,NS,NS,D,,,,,,
,HC1,09/04/2014,0.19,NS,22,NS,2,NS,NS,D,,,,,,
,HC2,09/04/2014,4.03,NS,64,NS,8,NS,NS,D,,,,,,
,LN1,09/04/2014,6.41,NS,41,NS,1,NS,NS,D,,,,,,
,SP1,09/04/2014,6.97,NS,80,NS,6,NS,NS,D,,,,,,
,WC1,09/04/2014,1.19,NS,2200,NS,50,NS,NS,D,,,,,,
,WC2,09/04/2014,0.34,NS,7200,NS,113,NS,NS,D,,,,,,
,WC3,09/04/2014,3.88,NS,400,NS,9,NS,NS,D,,,,,,
,BB2,09/03/2014,6.68,NS,4400,NS,1,NS,2.5,D,,,,,,
,BB4,09/03/2014,4.10,3.59,1600,NS,2,NS,2.5,D,,,,,,
,CIC3,09/03/2014,7.68,8.62,5000,NS,11,NS,2.5,D,,,,,,
,F1,09/03/2014,8.62,NS,128,NS,2,NS,NS,D,,,,,,
,F5,09/03/2014,6.29,NS,56,NS,2,NS,NS,D,,,,,,
,GB1,09/03/2014,6.26,5.44,56,NS,1,NS,6.0,D,,,,,,
,J1,09/03/2014,6.19,6.15,1,NS,1,NS,3.5,D,,,,,,
,J10,09/03/2014,9.18,7.37,21,NS,1,NS,2.5,D,,,,,,
,J11,09/03/2014,7.56,7.17,66,NS,1,NS,3.0,D,,,,,,
,J12,09/03/2014,8.68,2.62,182,NS,1,NS,3.0,D,,,,,,
,J14,09/03/2014,5.33,NS,9,NS,2,NS,NS,D,,,,,,
,J16,09/03/2014,6.55,NS,8,NS,2,NS,NS,D,,,,,,
,J2,09/03/2014,7.71,6.16,15,NS,1,NS,3.0,D,,,,,,
,J3,09/03/2014,9.00,7.30,12,NS,1,NS,2.5,D,,,,,,
,J5,09/03/2014,7.94,8.66,8,NS,1,NS,2.5,D,,,,,,
,J7,09/03/2014,5.59,5.30,420,NS,1,NS,3.5,D,,,,,,
,J8,09/03/2014,7.13,6.64,33,NS,2,NS,3.0,D,,,,,,
,J9A,09/03/2014,5.97,5.86,21,NS,10,NS,2.5,D,,,,,,
,N16,09/03/2014,4.67,4.07,2,NS,1,NS,11.5,D,,,,,,
,N9,09/03/2014,5.50,5.40,25,NS,1,NS,6.0,D,,,,,,
,N9A,09/03/2014,5.82,6.21,10,NS,1,NS,5.5,D,,,,,,
,PB2,09/03/2014,8.14,8.55,360,NS,2,NS,2.0,D,,,,,,
,PB3,09/03/2014,8.74,NS,69,NS,1,NS,2.5,D,,,,,,
,SP2,09/03/2014,9.91,NS,52,NS,1,NS,2.0,D,,,,,,
,BR5,09/02/2014,4.41,NS,1100,NS,22,NS,2.5,W,,,,,,
,CIC2,09/02/2014,4.35,NS,27000,NS,60,NS,NS,W,,,,,,
,E15,09/02/2014,3.99,3.98,4100,NS,90,NS,4.0,W,,,,,,
,E6,09/02/2014,4.52,4.52,1190,NS,8,NS,6.0,W,,,,,,
,FB1,09/02/2014,4.44,4.40,4000,NS,16,NS,4.5,W,,,,,,
,FLC1,09/02/2014,1.41,1.40,17000,NS,230,NS,2.5,W,,,,,,
,FLC2,09/02/2014,3.19,3.22,6000,NS,360,NS,3.0,W,,,,,,
,GC3,09/02/2014,7.16,7.46,330,430,30,30,NS,W,,,,,,
,GC4,09/02/2014,7.22,6.18,340,420,100,10,NS,W,,,,,,
,GC5,09/02/2014,6.98,6.86,260,330,10,10,NS,W,,,,,,
,GC6,09/02/2014,6.71,6.02,350,370,10,10,NS,W,,,,,,
,NC0,09/02/2014,6.50,6.54,1700,2500,20,20,3.0,W,,,,,,
,NC1,09/02/2014,3.85,3.01,32000,37000,140,170,3.5,W,,,,,,
,NC2,09/02/2014,4.53,2.89,21000,7700,960,470,2.5,W,,,,,,
,NC3,09/02/2014,4.90,3.70,13000,8200,80,130,3.0,W,,,,,,
,AC1,08/28/2014,4.13,NS,800,NS,200,NS,NS,D,,,,,,
,AC2,08/28/2014,7.20,NS,6000,NS,3000,NS,NS,D,,,,,,
,BR1,08/28/2014,5.24,NS,2200,NS,100,NS,NS,D,,,,,,
,BR3,08/28/2014,0.50,NS,11,NS,8,NS,NS,D,,,,,,
,E11,08/28/2014,5.63,NS,4,NS,1,NS,NS,D,,,,,,
,E13,08/28/2014,5.18,NS,10,NS,1,NS,NS,D,,,,,,
,LN1,08/28/2014,8.21,NS,9,NS,1,NS,NS,D,,,,,,
,WC1,08/28/2014,5.43,NS,106,NS,98,NS,NS,D,,,,,,
,WC2,08/28/2014,3.05,NS,20,NS,3,NS,NS,D,,,,,,
,WC3,08/28/2014,5.88,NS,2,NS,1,NS,NS,D,,,,,,
,CIC2,08/27/2014,6.45,NS,8200,NS,72,NS,NS,D,,,,,,
,G2,08/27/2014,7.63,6.62,5,NS,1,NS,5.0,D,,,,,,
,HC1,08/27/2014,1.70,NS,124,NS,16,NS,NS,D,,,,,,
,HC2,08/27/2014,5.93,NS,29,NS,2,NS,NS,D,,,,,,
,K1,08/27/2014,5.97,6.16,5,NS,2,NS,4.0,D,,,,,,
,K2,08/27/2014,7.45,6.65,8,NS,1,NS,5.5,D,,,,,,
,K3,08/27/2014,6.80,5.70,10,NS,1,NS,6.0,D,,,,,,
,K4,08/27/2014,5.94,5.33,4,NS,1,NS,6.0,D,,,,,,
,K5,08/27/2014,6.56,5.43,1,NS,2,NS,4.0,D,,,,,,
,K5A,08/27/2014,7.64,6.69,1,NS,1,NS,3.0,D,,,,,,
,K6,08/27/2014,7.75,7.66,3,NS,1,NS,8.0,D,,,,,,
,N6,08/27/2014,6.58,6.05,2,NS,1,NS,4.5,D,,,,,,
,N7,08/27/2014,5.90,5.97,9,NS,1,NS,6.5,D,,,,,,
,N8,08/27/2014,7.07,6.15,1,NS,1,NS,6.0,D,,,,,,
,NC0,08/27/2014,6.12,5.33,120,71,4,20,2.0,D,,,,,,
,NC1,08/27/2014,7.51,5.95,39,39,40,28,2.0,D,,,,,,
,NC2,08/27/2014,7.19,6.70,105,175,30,12,2.5,D,,,,,,
,NC3,08/27/2014,6.19,5.57,68,52,10,4,3.0,D,,,,,,
,SP1,08/27/2014,6.34,NS,234,NS,12,NS,NS,D,,,,,,
,BB2,08/26/2014,1.74,NS,87000,NS,200,NS,2.0,D,,,,,,
,BB4,08/26/2014,11.25,10.66,3100,NS,4,NS,1.5,D,,,,,,
,CIC3,08/26/2014,6.81,6.38,1400,NS,5,NS,5.5,D,,,,,,
,F1,08/26/2014,9.72,NS,104,NS,2,NS,NS,D,,,,,,
,F5,08/26/2014,8.61,NS,112,NS,4,NS,NS,D,,,,,,
,GB1,08/26/2014,6.56,6.29,30,NS,1,NS,6.0,D,,,,,,
,J1,08/26/2014,9.47,7.81,1,NS,1,NS,2.5,D,,,,,,
,J10,08/26/2014,10.57,9.70,23,NS,1,NS,2.0,D,,,,,,
,J11,08/26/2014,13.50,10.14,110,NS,4,NS,2.0,D,,,,,,
,J12,08/26/2014,12.28,2.50,72,NS,1,NS,2.0,D,,,,,,
,J14,08/26/2014,13.80,NS,2,NS,2,NS,NS,D,,,,,,
,J16,08/26/2014,12.33,NS,11,NS,2,NS,NS,D,,,,,,
,J2,08/26/2014,10.38,7.26,16,NS,1,NS,2.5,D,,,,,,
,J3,08/26/2014,10.03,8.61,25,NS,1,NS,2.0,D,,,,,,
,J5,08/26/2014,8.80,8.17,29,NS,1,NS,2.0,D,,,,,,
,J7,08/26/2014,7.32,5.10,266,NS,1,NS,2.5,D,,,,,,
,J8,08/26/2014,7.78,5.79,340,NS,1,NS,2.5,D,,,,,,
,J9A,08/26/2014,10.11,5.99,30,NS,2,NS,2.5,D,,,,,,
,N16,08/26/2014,7.64,7.17,1,NS,1,NS,8.0,D,,,,,,
,N9,08/26/2014,6.70,6.35,10,NS,1,NS,5.5,D,,,,,,
,N9A,08/26/2014,6.70,6.78,11,NS,1,NS,5.0,D,,,,,,
,PB2,08/26/2014,14.72,12.83,128,NS,1,NS,1.5,D,,,,,,
,PB3,08/26/2014,11.66,NS,33,NS,1,NS,2.0,D,,,,,,
,SP2,08/26/2014,8.56,NS,210,NS,2,NS,2.5,D,,,,,,
,BR5,08/25/2014,4.76,NS,40,NS,12,NS,2.0,D,,,,,,
,E10,08/25/2014,7.53,5.68,78,NS,1,NS,4.0,D,,,,,,
,E14,08/25/2014,5.33,5.25,11,NS,1,NS,4.5,D,,,,,,
,E15,08/25/2014,8.02,7.59,58,NS,10,NS,3.0,D,,,,,,
,E2,08/25/2014,6.17,5.62,860,NS,4,NS,3.0,D,,,,,,
,E4,08/25/2014,4.97,4.81,1,NS,250,NS,5.0,D,,,,,,
,E6,08/25/2014,6.79,5.35,27,NS,1,NS,4.0,D,,,,,,
,E7,08/25/2014,5.95,5.32,35,NS,1,NS,5.0,D,,,,,,
,E8,08/25/2014,6.02,4.72,52,NS,1,NS,5.0,D,,,,,,
,FB1,08/25/2014,7.20,6.38,88,NS,5,NS,3.0,D,,,,,,
,FLC1,08/25/2014,6.57,6.08,2400,NS,12,NS,1.5,D,,,,,,
,FLC2,08/25/2014,5.69,5.49,360,NS,7,NS,2.5,D,,,,,,
,GC3,08/25/2014,8.21,7.85,144,136,4,8,NS,D,,,,,,
,GC4,08/25/2014,7.33,7.26,132,148,4,24,NS,D,,,,,,
,GC5,08/25/2014,7.17,7.16,248,152,16,92,NS,D,,,,,,
,GC6,08/25/2014,5.54,5.14,256,280,48,20,NS,D,,,,,,
,H3,08/25/2014,6.57,6.49,6,NS,350,NS,2.5,D,,,,,,
,N1,08/25/2014,7.19,5.78,1,NS,240,NS,2.5,D,,,,,,
,N3B,08/25/2014,6.43,5.47,230,NS,2,NS,2.5,D,,,,,,
,N4,08/25/2014,6.42,5.63,420,NS,4,NS,2.5,D,,,,,,
,N5,08/25/2014,6.08,6.03,600,NS,2,NS,3.5,D,,,,,,
,AC1,08/21/2014,2.68,NS,336,NS,24,NS,NS,D,,,,,,
,AC2,08/21/2014,1.72,NS,2200,NS,400,NS,NS,D,,,,,,
,BR1,08/21/2014,5.81,NS,2000,NS,240,NS,NS,D,,,,,,
,BR3,08/21/2014,1.14,NS,164,NS,20,NS,NS,D,,,,,,
,E11,08/21/2014,9.13,NS,42,NS,1,NS,NS,D,,,,,,
,E13,08/21/2014,5.25,NS,6,NS,1,NS,NS,D,,,,,,
,LN1,08/21/2014,8.64,NS,21,NS,1,NS,NS,D,,,,,,
,WC1,08/21/2014,8.18,NS,76,NS,2,NS,NS,D,,,,,,
,WC2,08/21/2014,7.02,NS,116,NS,10,NS,NS,D,,,,,,
,WC3,08/21/2014,5.53,NS,2,NS,1,NS,NS,D,,,,,,
,CIC2,08/20/2014,2.97,NS,11000,NS,320,NS,NS,D,,,,,,
,G2,08/20/2014,6.94,5.53,48,NS,1,NS,6.0,D,,,,,,
,HC1,08/20/2014,2.02,NS,64,NS,40,NS,NS,D,,,,,,
,HC2,08/20/2014,3.57,NS,2,NS,2,NS,NS,D,,,,,,
,K1,08/20/2014,5.96,5.19,18,NS,1,NS,4.0,D,,,,,,
,K2,08/20/2014,5.91,5.72,2,NS,1,NS,4.5,D,,,,,,
,K3,08/20/2014,6.35,5.74,18,NS,1,NS,5.0,D,,,,,,
,K4,08/20/2014,6.02,5.71,28,NS,1,NS,4.5,D,,,,,,
,K5,08/20/2014,5.48,4.87,58,NS,1,NS,6.5,D,,,,,,
,K5A,08/20/2014,6.27,5.43,42,NS,1,NS,4.0,D,,,,,,
,K6,08/20/2014,9.81,8.23,58,NS,1,NS,3.5,D,,,,,,
,N6,08/20/2014,6.03,5.05,22,NS,1,NS,4.5,D,,,,,,
,N7,08/20/2014,5.82,5.39,5,NS,145,NS,6.0,D,,,,,,
,N8,08/20/2014,6.02,5.52,112,NS,1,NS,6.0,D,,,,,,
,NC0,08/20/2014,5.29,5.24,3900,430,100,128,5.5,D,,,,,,
,NC1,08/20/2014,1.92,1.99,630,96,4,8,4.5,D,,,,,,
,NC2,08/20/2014,2.47,2.56,310,92,4,4,6.0,D,,,,,,
,NC3,08/20/2014,3.26,3.84,220,58,4,4,5.0,D,,,,,,
,SP1,08/20/2014,7.71,NS,9,NS,30,NS,NS,D,,,,,,
,BB2,08/19/2014,7.83,NS,39000,NS,86,NS,2.5,D,,,,,,
,BB4,08/19/2014,8.87,7.33,2300,NS,1,NS,3.0,D,,,,,,
,CIC3,08/19/2014,6.38,6.38,1700,NS,16,NS,4.0,D,,,,,,
,F1,08/19/2014,6.31,NS,1850,NS,2,NS,NS,D,,,,,,
,F5,08/19/2014,6.03,NS,710,NS,2,NS,NS,D,,,,,,
,GB1,08/19/2014,6.08,5.76,4,NS,1,NS,6.0,D,,,,,,
,J1,08/19/2014,7.71,6.26,2,NS,1,NS,3.0,D,,,,,,
,J10,08/19/2014,7.65,7.53,11,NS,1,NS,3.0,D,,,,,,
,J11,08/19/2014,7.50,7.25,23,NS,1,NS,3.0,D,,,,,,
,J12,08/19/2014,8.91,3.76,168,NS,1,NS,2.0,D,,,,,,
,J14,08/19/2014,8.94,NS,7,NS,2,NS,NS,D,,,,,,
,J16,08/19/2014,8.62,NS,8,NS,2,NS,NS,D,,,,,,
,J2,08/19/2014,5.04,5.10,4,NS,1,NS,3.5,D,,,,,,
,J3,08/19/2014,6.35,6.01,10,NS,1,NS,3.0,D,,,,,,
,J5,08/19/2014,7.83,7.80,8,NS,1,NS,4.0,D,,,,,,
,J7,08/19/2014,7.74,5.98,4200,NS,1,NS,4.0,D,,,,,,
,J8,08/19/2014,5.58,6.66,313,NS,4,NS,3.0,D,,,,,,
,J9A,08/19/2014,5.66,5.67,136,NS,2,NS,4.0,D,,,,,,
,N16,08/19/2014,7.45,5.78,4,NS,1,NS,5.5,D,,,,,,
,N9,08/19/2014,5.51,5.46,5,NS,1,NS,6.0,D,,,,,,
,N9A,08/19/2014,5.31,5.27,2,NS,1,NS,7.0,D,,,,,,
,PB2,08/19/2014,7.49,8.02,98,NS,1,NS,2.5,D,,,,,,
,PB3,08/19/2014,7.21,NS,220,NS,1,NS,3.0,D,,,,,,
,SP2,08/19/2014,7.34,NS,620,NS,1,NS,4.0,D,,,,,,
,BR5,08/18/2014,18.38,NS,4,NS,1,NS,1.5,D,,,,,,
,E10,08/18/2014,6.28,4.73,13,NS,1,NS,6.0,D,,,,,,
,E14,08/18/2014,4.81,4.80,1,NS,1,NS,6.0,D,,,,,,
,E15,08/18/2014,5.77,5.83,81,NS,1,NS,4.0,D,,,,,,
,E2,08/18/2014,4.45,4.64,650,NS,1,NS,6.0,D,,,,,,
,E4,08/18/2014,4.58,4.54,25,NS,1,NS,5.0,D,,,,,,
,E6,08/18/2014,5.20,5.14,8,NS,1,NS,6.0,D,,,,,,
,E7,08/18/2014,5.02,4.84,8,NS,1,NS,5.0,D,,,,,,
,E8,08/18/2014,5.20,4.97,4,NS,1,NS,5.5,D,,,,,,
,FB1,08/18/2014,7.94,7.64,8,NS,1,NS,4.5,D,,,,,,
,FLC1,08/18/2014,4.50,4.50,330,NS,4,NS,1.5,D,,,,,,
,FLC2,08/18/2014,5.93,5.93,264,NS,1,NS,2.5,D,,,,,,
,GC3,08/18/2014,7.72,7.15,8,8,4,10,NS,D,,,,,,
,GC4,08/18/2014,7.35,7.21,27,8,4,28,NS,D,,,,,,
,GC5,08/18/2014,7.24,7.10,284,31,12,20,NS,D,,,,,,
,GC6,08/18/2014,6.46,6.37,54,104,4,12,NS,D,,,,,,
,H3,08/18/2014,4.96,4.46,90,NS,3,NS,4.0,D,,,,,,
,N1,08/18/2014,7.76,5.23,44,NS,1,NS,2.5,D,,,,,,
,N3B,08/18/2014,6.70,4.82,23,NS,1,NS,2.0,D,,,,,,
,N4,08/18/2014,5.94,4.88,102,NS,8,NS,2.5,D,,,,,,
,N5,08/18/2014,5.78,4.97,124,NS,5,NS,3.0,D,,,,,,
,AC1,08/14/2014,6.86,NS,2600,NS,300,NS,NS,W,,,,,,
,AC2,08/14/2014,8.25,NS,5100,NS,1700,NS,NS,W,,,,,,
,BR1,08/14/2014,6.12,NS,4900,NS,1400,NS,NS,W,,,,,,
,BR3,08/14/2014,1.37,NS,890,NS,140,NS,NS,W,,,,,,
,E11,08/14/2014,6.63,NS,115,NS,2,NS,NS,W,,,,,,
,E13,08/14/2014,4.87,NS,110,NS,2,NS,NS,W,,,,,,
,LN1,08/14/2014,6.67,NS,116,NS,2,NS,NS,W,,,,,,
,WC1,08/14/2014,3.79,NS,6500,NS,117,NS,NS,W,,,,,,
,WC2,08/14/2014,7.58,NS,10400,NS,274,NS,NS,W,,,,,,
,WC3,08/14/2014,6.83,NS,2700,NS,2,NS,NS,W,,,,,,
,CIC2,08/13/2014,4.24,NS,71000,NS,11000,NS,NS,W,,,,,,
,G2,08/13/2014,5.45,5.38,1720,NS,240,NS,4.5,W,,,,,,
,HC1,08/13/2014,2.26,NS,60000,NS,6300,NS,NS,W,,,,,,
,HC2,08/13/2014,4.50,NS,99,NS,30,NS,NS,W,,,,,,
,K1,08/13/2014,5.77,5.64,255,NS,46,NS,4.5,W,,,,,,
,K2,08/13/2014,5.80,5.72,116,NS,24,NS,4.0,W,,,,,,
,K3,08/13/2014,5.38,5.57,168,NS,20,NS,4.0,W,,,,,,
,K4,08/13/2014,5.56,5.27,47,NS,8,NS,3.5,W,,,,,,
,K5,08/13/2014,5.25,4.71,25,NS,22,NS,3.0,W,,,,,,
,K5A,08/13/2014,5.49,5.17,11,NS,2,NS,1.5,W,,,,,,
,K6,08/13/2014,5.98,6.26,4,NS,2,NS,2.5,W,,,,,,
,N6,08/13/2014,5.59,5.50,72,NS,14,NS,3.0,W,,,,,,
,N7,08/13/2014,6.09,6.07,32,NS,6,NS,4.0,W,,,,,,
,N8,08/13/2014,6.28,6.34,30,NS,6,NS,3.5,W,,,,,,
,NC0,08/13/2014,2.55,2.71,13450,7500,4700,3600,3.0,W,,,,,,
,NC1,08/13/2014,4.33,3.72,31000,39000,5200,3900,2.0,W,,,,,,
,NC2,08/13/2014,4.38,4.23,3900,4900,1420,1420,3.5,W,,,,,,
,NC3,08/13/2014,4.84,4.85,4900,2900,470,575,3.0,W,,,,,,
,SP1,08/13/2014,3.84,NS,200000,NS,63000,NS,NS,W,,,,,,
,CIC3,08/12/2014,6.07,6.12,46000,NS,3,NS,5.0,D,,,,,,
,F1,08/12/2014,5.46,NS,102,NS,10,NS,NS,D,,,,,,
,F5,08/12/2014,5.51,NS,58,NS,2,NS,NS,D,,,,,,
,GB1,08/12/2014,6.07,6.00,2,NS,1,NS,5.0,D,,,,,,
,J14,08/12/2014,5.43,NS,12,NS,2,NS,NS,D,,,,,,
,J16,08/12/2014,6.08,NS,15,NS,2,NS,NS,D,,,,,,
,BR5,08/11/2014,5.85,NS,8,NS,1,NS,4.5,D,,,,,,
,E10,08/11/2014,8.37,3.58,2,NS,1,NS,3.0,D,,,,,,
,E14,08/11/2014,5.22,5.14,6,NS,1,NS,3.0,D,,,,,,
,E15,08/11/2014,6.93,7.12,33,NS,1,NS,2.5,D,,,,,,
,E2,08/11/2014,4.99,5.05,21,NS,6,NS,2.0,D,,,,,,
,E4,08/11/2014,5.22,5.25,8,NS,20,NS,4.0,D,,,,,,
,E6,08/11/2014,6.02,5.72,6,NS,1,NS,4.0,D,,,,,,
,E7,08/11/2014,5.36,4.69,5,NS,2,NS,4.0,D,,,,,,
,E8,08/11/2014,5.70,3.65,4,NS,1,NS,4.0,D,,,,,,
,FB1,08/11/2014,7.67,7.28,39,NS,1,NS,2.0,D,,,,,,
,FLC1,08/11/2014,8.75,8.47,310,NS,9,NS,2.0,D,,,,,,
,FLC2,08/11/2014,7.94,7.68,232,NS,5,NS,2.0,D,,,,,,
,GC3,08/11/2014,7.86,7.74,15,31,4,4,NS,D,,,,,,
,GC4,08/11/2014,7.74,6.96,57,38,4,4,NS,D,,,,,,
,GC5,08/11/2014,7.02,6.08,19,27,12,8,NS,D,,,,,,
,GC6,08/11/2014,6.02,5.10,112,128,4,4,NS,D,,,,,,
,H3,08/11/2014,5.43,5.38,24,NS,6,NS,1.5,D,,,,,,
,N1,08/11/2014,5.16,5.06,43,NS,2,NS,1.5,D,,,,,,
,N3B,08/11/2014,5.26,4.84,33,NS,4,NS,2.5,D,,,,,,
,N4,08/11/2014,5.17,5.11,37,NS,20,NS,2.0,D,,,,,,
,N5,08/11/2014,5.47,5.47,12,NS,2,NS,3.5,D,,,,,,
,AC1,08/07/2014,4.58,NS,500,NS,104,NS,NS,D,,,,,,
,AC2,08/07/2014,4.31,NS,2200,NS,232,NS,NS,D,,,,,,
,BR1,08/07/2014,5.35,NS,1500,NS,272,NS,NS,D,,,,,,
,BR3,08/07/2014,0.47,NS,132,NS,12,NS,NS,D,,,,,,
,E11,08/07/2014,8.26,NS,3,NS,1,NS,NS,D,,,,,,
,E13,08/07/2014,4.47,NS,4,NS,1,NS,NS,D,,,,,,
,LN1,08/07/2014,10.58,NS,21,NS,1,NS,NS,D,,,,,,
,WC1,08/07/2014,8.94,NS,98,NS,1,NS,NS,D,,,,,,
,WC2,08/07/2014,4.21,NS,44,NS,8,NS,NS,D,,,,,,
,WC3,08/07/2014,4.85,NS,15,NS,1,NS,NS,D,,,,,,
,CIC2,08/06/2014,2.17,1.38,10000,NS,16,NS,NS,D,,,,,,
,G2,08/06/2014,5.60,5.92,12,NS,1,NS,4.0,D,,,,,,
,HC1,08/06/2014,1.28,NS,9,NS,18,NS,NS,D,,,,,,
,HC2,08/06/2014,6.57,1.85,29,NS,2,NS,NS,D,,,,,,
,K1,08/06/2014,6.21,5.61,10,NS,1,NS,4.0,D,,,,,,
,K2,08/06/2014,5.69,5.72,12,NS,1,NS,4.5,D,,,,,,
,K3,08/06/2014,6.09,5.54,2,NS,1,NS,4.5,D,,,,,,
,K4,08/06/2014,6.68,5.17,15,NS,1,NS,4.0,D,,,,,,
,K5,08/06/2014,5.00,4.70,11,NS,1,NS,5.5,D,,,,,,
,K5A,08/06/2014,5.53,5.56,4,NS,1,NS,4.0,D,,,,,,
,K6,08/06/2014,9.51,9.07,1,NS,1,NS,2.5,D,,,,,,
,N6,08/06/2014,6.15,5.39,5,NS,1,NS,3.5,D,,,,,,
,N7,08/06/2014,6.15,5.65,8,NS,2,NS,4.0,D,,,,,,
,N8,08/06/2014,6.31,5.47,4,NS,1,NS,5.0,D,,,,,,
,NC0,08/06/2014,6.33,6.22,420,1000,8,16,3.0,D,,,,,,
,NC1,08/06/2014,6.37,5.84,224,208,20,12,2.0,D,,,,,,
,NC2,08/06/2014,5.27,5.33,61,47,8,4,2.5,D,,,,,,
,NC3,08/06/2014,4.75,4.60,84,92,4,12,2.5,D,,,,,,
,SP1,08/06/2014,9.61,NS,3100,NS,16,NS,NS,D,,,,,,
,BB2,08/05/2014,15.66,NS,55000,NS,1,NS,1.5,D,,,,,,
,BB4,08/05/2014,10.40,7.79,1200,NS,1,NS,1.5,D,,,,,,
,CIC3,08/05/2014,6.32,5.82,4100,NS,1,NS,5.0,D,,,,,,
,F1,08/05/2014,9.43,NS,290,NS,2,NS,NS,D,,,,,,
,F5,08/05/2014,11.86,NS,256,NS,2,NS,NS,D,,,,,,
,GB1,08/05/2014,7.51,7.50,5,NS,1,NS,6.0,D,,,,,,
,J1,08/05/2014,6.15,6.29,2,NS,1,NS,6.5,D,,,,,,
,J10,08/05/2014,7.24,7.56,15,NS,1,NS,2.0,D,,,,,,
,J11,08/05/2014,9.71,8.40,70,NS,1,NS,3.0,D,,,,,,
,J12,08/05/2014,15.46,4.84,64,NS,1,NS,2.0,D,,,,,,
,J14,08/05/2014,5.03,NS,1,NS,2,NS,NS,D,,,,,,
,J16,08/05/2014,7.06,NS,2,NS,2,NS,NS,D,,,,,,
,J2,08/05/2014,9.77,5.67,18,NS,1,NS,2.5,D,,,,,,
,J3,08/05/2014,7.01,6.55,13,NS,1,NS,2.0,D,,,,,,
,J5,08/05/2014,8.07,8.01,14,NS,12,NS,2.5,D,,,,,,
,J7,08/05/2014,8.74,7.56,520,NS,1,NS,1.5,D,,,,,,
,J8,08/05/2014,8.38,7.85,67,NS,1,NS,2.5,D,,,,,,
,J9A,08/05/2014,8.62,7.37,40,NS,1,NS,2.0,D,,,,,,
,N16,08/05/2014,6.65,6.54,3,NS,1,NS,11.0,D,,,,,,
,N9,08/05/2014,6.72,6.74,10,NS,1,NS,6.5,D,,,,,,
,N9A,08/05/2014,6.77,6.87,2,NS,1,NS,6.5,D,,,,,,
,PB2,08/05/2014,10.80,8.82,95,NS,1,NS,1.5,D,,,,,,
,PB3,08/05/2014,14.06,NS,42,NS,1,NS,1.5,D,,,,,,
,SP2,08/05/2014,11.35,NS,55,NS,1,NS,2.0,D,,,,,,
,BR5,08/04/2014,5.42,NS,100,NS,2,NS,2.5,W,,,,,,
,E10,08/04/2014,6.39,3.65,12,NS,2,NS,4.0,W,,,,,,
,E14,08/04/2014,4.53,4.33,34,NS,2,NS,4.0,W,,,,,,
,E15,08/04/2014,4.40,4.21,3500,NS,10,NS,3.0,W,,,,,,
,E2,08/04/2014,4.46,4.34,75,NS,6,NS,4.5,W,,,,,,
,E4,08/04/2014,4.69,4.15,96,NS,2,NS,5.0,W,,,,,,
,E6,08/04/2014,4.59,4.34,283,NS,2,NS,4.0,W,,,,,,
,E7,08/04/2014,4.61,4.17,27,NS,2,NS,5.0,W,,,,,,
,E8,08/04/2014,5.10,4.45,40,NS,2,NS,5.0,W,,,,,,
,FB1,08/04/2014,4.21,4.05,460,NS,2,NS,3.0,W,,,,,,
,FLC1,08/04/2014,2.58,2.03,3200,NS,40,NS,2.5,W,,,,,,
,FLC2,08/04/2014,2.94,3.08,5400,NS,40,NS,3.0,W,,,,,,
,GC3,08/04/2014,8.84,8.90,27,126,10,10,NS,W,,,,,,
,GC4,08/04/2014,7.72,7.62,18,144,10,10,NS,W,,,,,,
,GC5,08/04/2014,7.05,7.09,126,63,10,10,NS,W,,,,,,
,GC6,08/04/2014,6.97,5.25,18,27,10,10,NS,W,,,,,,
,H3,08/04/2014,5.89,5.87,92,NS,6,NS,2.5,W,,,,,,
,N1,08/04/2014,7.04,5.04,18,NS,2,NS,2.5,W,,,,,,
,N3B,08/04/2014,6.90,5.09,28,NS,4,NS,3.0,W,,,,,,
,N4,08/04/2014,6.97,5.12,25,NS,4,NS,2.5,W,,,,,,
,N5,08/04/2014,6.54,6.12,18,NS,2,NS,3.0,W,,,,,,
,AC1,07/31/2014,8.99,NS,2800,NS,140,NS,NS,D,,,,,,
,AC2,07/31/2014,9.48,NS,5100,NS,500,NS,NS,D,,,,,,
,BR1,07/31/2014,7.62,NS,3900,NS,56,NS,NS,D,,,,,,
,BR3,07/31/2014,0.22,NS,200,NS,32,NS,NS,D,,,,,,
,E11,07/31/2014,5.48,NS,1,NS,1,NS,NS,D,,,,,,
,E13,07/31/2014,4.33,NS,2,NS,1,NS,NS,D,,,,,,
,LN1,07/31/2014,6.22,NS,19,NS,1,NS,NS,D,,,,,,
,WC1,07/31/2014,11.19,NS,116,NS,1,NS,NS,D,,,,,,
,WC2,07/31/2014,11.78,NS,700,NS,4,NS,NS,D,,,,,,
,WC3,07/31/2014,8.17,NS,25,NS,1,NS,NS,D,,,,,,
,CIC2,07/30/2014,9.88,3.59,6900,NS,4,NS,NS,D,,,,,,
,G2,07/30/2014,6.80,5.86,200,NS,1,NS,5.0,D,,,,,,
,HC1,07/30/2014,6.02,0.28,104,NS,8,NS,NS,D,,,,,,
,HC2,07/30/2014,4.84,3.70,69,NS,2,NS,NS,D,,,,,,
,K1,07/30/2014,5.40,4.94,15,NS,1,NS,5.0,D,,,,,,
,K2,07/30/2014,5.56,5.19,24,NS,1,NS,5.0,D,,,,,,
,K3,07/30/2014,5.17,4.98,46,NS,2,NS,5.0,D,,,,,,
,K4,07/30/2014,5.79,4.90,17,NS,1,NS,4.0,D,,,,,,
,K5,07/30/2014,6.68,5.25,20,NS,1,NS,4.0,D,,,,,,
,K5A,07/30/2014,5.59,5.50,98,NS,1,NS,3.0,D,,,,,,
,K6,07/30/2014,6.21,6.06,5,NS,1,NS,6.0,D,,,,,,
,N6,07/30/2014,5.50,4.85,11,NS,1,NS,4.5,D,,,,,,
,N7,07/30/2014,5.71,5.71,74,NS,1,NS,4.0,D,,,,,,
,N8,07/30/2014,5.48,5.60,9,NS,1,NS,6.0,D,,,,,,
,NC0,07/30/2014,6.35,5.40,1080,860,40,20,2.5,D,,,,,,
,NC1,07/30/2014,5.83,4.91,660,1060,4,8,1.5,D,,,,,,
,NC2,07/30/2014,5.48,3.26,700,545,20,20,1.5,D,,,,,,
,NC3,07/30/2014,3.97,3.54,610,330,4,8,2.5,D,,,,,,
,SP1,07/30/2014,5.18,NS,87,NS,2,NS,NS,D,,,,,,
,BB2,07/29/2014,0.21,NS,65000,NS,109,NS,2.0,W,,,,,,
,BB4,07/29/2014,4.31,3.25,2800,NS,12,NS,2.5,W,,,,,,
,CIC3,07/29/2014,7.67,6.35,2600,NS,2,NS,3.0,W,,,,,,
,F1,07/29/2014,6.45,NS,44,NS,4,NS,NS,W,,,,,,
,F5,07/29/2014,5.38,NS,232,NS,4,NS,NS,W,,,,,,
,GB1,07/29/2014,6.19,5.96,52,NS,2,NS,6.5,W,,,,,,
,J1,07/29/2014,7.33,5.61,1,NS,2,NS,3.0,W,,,,,,
,J10,07/29/2014,7.28,7.38,25,NS,2,NS,3.0,W,,,,,,
,J11,07/29/2014,7.41,7.09,160,NS,2,NS,3.0,W,,,,,,
,J12,07/29/2014,9.87,5.04,820,NS,2,NS,2.5,W,,,,,,
,J14,07/29/2014,5.30,NS,11,NS,10,NS,NS,W,,,,,,
,J16,07/29/2014,7.11,NS,4,NS,4,NS,NS,W,,,,,,
,J2,07/29/2014,7.64,6.02,3,NS,2,NS,2.5,W,,,,,,
,J3,07/29/2014,6.93,6.02,88,NS,2,NS,3.0,W,,,,,,
,J5,07/29/2014,8.95,8.48,83,NS,2,NS,3.0,W,,,,,,
,J7,07/29/2014,6.90,4.77,3400,NS,2,NS,3.0,W,,,,,,
,J8,07/29/2014,6.05,6.21,670,NS,4,NS,4.0,W,,,,,,
,J9A,07/29/2014,6.40,6.40,53,NS,2,NS,3.5,W,,,,,,
,N16,07/29/2014,6.55,6.32,2,NS,2,NS,12.0,W,,,,,,
,N9,07/29/2014,6.48,5.99,4,NS,2,NS,9.0,W,,,,,,
,N9A,07/29/2014,6.21,5.91,1,NS,2,NS,8.5,W,,,,,,
,PB2,07/29/2014,5.62,5.64,262,NS,2,NS,3.0,W,,,,,,
,PB3,07/29/2014,6.61,NS,112,NS,20,NS,3.0,W,,,,,,
,SP2,07/29/2014,9.49,NS,168,NS,2,NS,2.0,W,,,,,,
,BR5,07/28/2014,9.35,NS,2000,NS,12,NS,3.5,W,,,,,,
,E10,07/28/2014,4.83,2.86,15,NS,2,NS,5.0,W,,,,,,
,E14,07/28/2014,4.13,4.07,68,NS,8,NS,5.0,W,,,,,,
,E15,07/28/2014,5.48,5.32,7800,NS,210,NS,2.5,W,,,,,,
,E2,07/28/2014,5.24,5.40,70,NS,6,NS,4.0,W,,,,,,
,E4,07/28/2014,4.62,4.78,104,NS,4,NS,5.0,W,,,,,,
,E6,07/28/2014,4.66,4.61,114,NS,4,NS,5.0,W,,,,,,
,E7,07/28/2014,4.39,4.10,98,NS,6,NS,4.0,W,,,,,,
,E8,07/28/2014,3.96,2.98,36,NS,2,NS,4.5,W,,,,,,
,FB1,07/28/2014,4.79,4.62,2000,NS,62,NS,3.0,W,,,,,,
,FLC1,07/28/2014,3.39,3.37,4500,NS,130,NS,2.0,W,,,,,,
,FLC2,07/28/2014,5.84,5.84,7100,NS,200,NS,2.5,W,,,,,,
,GC3,07/28/2014,8.07,8.31,200000,200000,45000,7500,NS,W,,,,,,
,GC4,07/28/2014,7.85,7.93,200000,5500,8300,10,NS,W,,,,,,
,GC5,07/28/2014,7.46,6.97,200000,67000,8600,1100,NS,W,,,,,,
,GC6,07/28/2014,5.13,4.05,200000,14000,62000,2000,NS,W,,,,,,
,H3,07/28/2014,5.02,5.00,38,NS,10,NS,2.0,W,,,,,,
,N1,07/28/2014,6.43,5.23,12,NS,2,NS,2.5,W,,,,,,
,N3B,07/28/2014,5.90,4.90,84,NS,8,NS,2.0,W,,,,,,
,N4,07/28/2014,6.00,5.01,209,NS,6,NS,2.5,W,,,,,,
,N5,07/28/2014,6.12,5.09,120,NS,4,NS,3.0,W,,,,,,
,AC1,07/24/2014,3.90,NS,800,NS,4,NS,NS,D,,,,,,
,AC2,07/24/2014,3.37,NS,1500,NS,76,NS,NS,D,,,,,,
,BR1,07/24/2014,7.69,NS,5800,NS,216,NS,NS,D,,,,,,
,BR3,07/24/2014,1.81,NS,10000,NS,700,NS,NS,D,,,,,,
,E11,07/24/2014,5.35,NS,37,NS,1,NS,NS,D,,,,,,
,E13,07/24/2014,5.20,NS,30,NS,2,NS,NS,D,,,,,,
,LN1,07/24/2014,6.79,NS,5,NS,1,NS,NS,D,,,,,,
,WC1,07/24/2014,13.79,NS,410,NS,7,NS,NS,D,,,,,,
,WC2,07/24/2014,6.38,NS,46,NS,4,NS,NS,D,,,,,,
,WC3,07/24/2014,5.49,NS,15,NS,1,NS,NS,D,,,,,,
,CIC2,07/23/2014,2.99,NS,29000,NS,241,NS,NS,D,,,,,,
,G2,07/23/2014,8.52,6.80,12,NS,1,NS,4.5,D,,,,,,
,HC1,07/23/2014,3.73,NS,288,NS,64,NS,NS,D,,,,,,
,HC2,07/23/2014,4.07,NS,1,NS,2,NS,NS,D,,,,,,
,K1,07/23/2014,6.55,6.15,5,NS,1,NS,3.5,D,,,,,,
,K2,07/23/2014,6.21,6.43,4,NS,2,NS,3.5,D,,,,,,
,K3,07/23/2014,6.51,6.50,15,NS,1,NS,4.0,D,,,,,,
,K4,07/23/2014,6.66,5.81,8,NS,1,NS,4.0,D,,,,,,
,K5,07/23/2014,5.24,5.36,8,NS,1,NS,4.0,D,,,,,,
,K5A,07/23/2014,5.96,5.59,7,NS,1,NS,4.0,D,,,,,,
,K6,07/23/2014,7.53,7.90,5,NS,1,NS,4.0,D,,,,,,
,N6,07/23/2014,6.04,6.03,15,NS,1,NS,4.0,D,,,,,,
,N7,07/23/2014,7.84,6.27,32,NS,1,NS,4.0,D,,,,,,
,N8,07/23/2014,6.93,6.33,39,NS,1,NS,5.0,D,,,,,,
,NC0,07/23/2014,6.12,6.45,2100,2400,44,16,3.0,D,,,,,,
,NC1,07/23/2014,8.52,4.80,201,3700,12,4,3.5,D,,,,,,
,NC2,07/23/2014,7.71,7.14,53,58,4,8,2.5,D,,,,,,
,NC3,07/23/2014,7.32,7.28,112,58,8,10,3.0,D,,,,,,
,SP1,07/23/2014,16.17,NS,200,NS,172,NS,NS,D,,,,,,
,BB2,07/22/2014,6.54,NS,60000,NS,8,NS,1.0,D,,,,,,
,BB4,07/22/2014,7.54,5.57,850,NS,3,NS,2.5,D,,,,,,
,CIC3,07/22/2014,7.34,6.04,10000,NS,9,NS,3.0,D,,,,,,
,F1,07/22/2014,13.69,NS,490,NS,2,NS,NS,D,,,,,,
,F5,07/22/2014,11.78,NS,89,NS,2,NS,NS,D,,,,,,
,GB1,07/22/2014,7.64,7.04,16,NS,1,NS,4.5,D,,,,,,
,J1,07/22/2014,9.81,7.23,14,NS,1,NS,3.0,D,,,,,,
,J10,07/22/2014,10.04,9.54,12,NS,1,NS,3.0,D,,,,,,
,J11,07/22/2014,12.22,10.15,120,NS,2,NS,1.5,D,,,,,,
,J12,07/22/2014,10.33,2.83,41,NS,1,NS,2.5,D,,,,,,
,J14,07/22/2014,6.01,NS,6,NS,2,NS,NS,D,,,,,,
,J16,07/22/2014,7.94,NS,4,NS,2,NS,NS,D,,,,,,
,J2,07/22/2014,11.99,6.72,22,NS,1,NS,2.0,D,,,,,,
,J3,07/22/2014,8.31,7.01,37,NS,1,NS,3.0,D,,,,,,
,J5,07/22/2014,7.69,7.63,8,NS,1,NS,3.0,D,,,,,,
,J7,07/22/2014,8.52,5.29,188,NS,1,NS,3.0,D,,,,,,
,J8,07/22/2014,6.90,6.11,372,NS,1,NS,3.0,D,,,,,,
,J9A,07/22/2014,8.50,7.03,64,NS,1,NS,3.0,D,,,,,,
,N16,07/22/2014,7.09,6.12,1,NS,1,NS,6.0,D,,,,,,
,N9,07/22/2014,6.49,6.37,10,NS,1,NS,6.0,D,,,,,,
,N9A,07/22/2014,6.25,6.16,1,NS,1,NS,6.0,D,,,,,,
,PB2,07/22/2014,8.09,8.96,70,NS,1,NS,2.0,D,,,,,,
,PB3,07/22/2014,13.71,NS,40,NS,1,NS,2.5,D,,,,,,
,SP2,07/22/2014,9.37,NS,240,NS,1,NS,3.0,D,,,,,,
,BR5,07/21/2014,7.15,NS,114,NS,21,NS,3.5,D,,,,,,
,E10,07/21/2014,7.30,3.92,1,NS,2,NS,3.5,D,,,,,,
,E14,07/21/2014,5.45,5.41,22,NS,1,NS,5.0,D,,,,,,
,E15,07/21/2014,8.22,8.34,120,NS,2,NS,2.0,D,,,,,,
,E2,07/21/2014,4.98,4.65,11,NS,4,NS,3.0,D,,,,,,
,E4,07/21/2014,5.29,4.39,10,NS,1,NS,4.0,D,,,,,,
,E6,07/21/2014,6.35,4.88,29,NS,1,NS,3.0,D,,,,,,
,E7,07/21/2014,5.55,5.34,7,NS,1,NS,4.5,D,,,,,,
,E8,07/21/2014,5.74,5.23,4,NS,1,NS,4.0,D,,,,,,
,FB1,07/21/2014,6.66,6.02,88,NS,4,NS,2.0,D,,,,,,
,FLC1,07/21/2014,5.16,5.73,2200,NS,27,NS,2.0,D,,,,,,
,FLC2,07/21/2014,5.72,5.05,900,NS,25,NS,2.5,D,,,,,,
,GC3,07/21/2014,9.19,NS,38,NS,28,NS,NS,D,,,,,,
,GC4,07/21/2014,8.64,8.55,54,132,104,72,NS,D,,,,,,
,GC5,07/21/2014,8.60,8.66,23,65,36,20,NS,D,,,,,,
,GC6,07/21/2014,7.70,7.35,164,34,36,40,NS,D,,,,,,
,H3,07/21/2014,5.09,5.13,33,NS,9,NS,3.0,D,,,,,,
,N1,07/21/2014,6.82,4.90,1,NS,1,NS,2.0,D,,,,,,
,N3B,07/21/2014,7.30,5.09,23,NS,2,NS,2.0,D,,,,,,
,N4,07/21/2014,7.09,6.08,102,NS,5,NS,2.5,D,,,,,,
,N5,07/21/2014,6.42,6.11,31,NS,1,NS,2.5,D,,,,,,
,AC1,07/17/2014,9.13,NS,5500,NS,430,NS,NS,W,,,,,,
,AC2,07/17/2014,9.14,NS,7700,NS,750,NS,NS,W,,,,,,
,BR1,07/17/2014,7.53,NS,9000,NS,950,NS,NS,W,,,,,,
,BR3,07/17/2014,4.05,NS,3200,NS,300,NS,NS,W,,,,,,
,E11,07/17/2014,4.53,NS,440,NS,2,NS,NS,W,,,,,,
,E13,07/17/2014,4.18,NS,490,NS,4,NS,NS,W,,,,,,
,LN1,07/17/2014,3.59,NS,380,NS,2,NS,NS,W,,,,,,
,WC1,07/17/2014,1.33,NS,2000,NS,36,NS,NS,W,,,,,,
,WC2,07/17/2014,0.11,NS,2000,NS,590,NS,NS,W,,,,,,
,WC3,07/17/2014,3.06,NS,2000,NS,4,NS,NS,W,,,,,,
,BB2,07/16/2014,3.69,NS,47000,NS,480,NS,2.5,W,,,,,,
,BB4,07/16/2014,3.68,2.50,12000,NS,168,NS,3.0,W,,,,,,
,CIC2,07/16/2014,4.89,4.26,103000,NS,670,NS,NS,W,,,,,,
,CIC3,07/16/2014,5.78,5.73,7600,NS,400,NS,3.5,W,,,,,,
,GB1,07/16/2014,5.99,5.91,4000,NS,72,NS,5.0,W,,,,,,
,HC1,07/16/2014,3.66,1.04,200000,NS,830,NS,NS,W,,,,,,
,HC2,07/16/2014,5.27,2.69,530,NS,10,NS,NS,W,,,,,,
,J1,07/16/2014,5.90,6.25,442,NS,6,NS,7.0,W,,,,,,
,J10,07/16/2014,5.44,5.18,14900,NS,42,NS,4.0,W,,,,,,
,J11,07/16/2014,6.09,5.34,3960,NS,18,NS,4.5,W,,,,,,
,J12,07/16/2014,5.22,2.12,4000,NS,46,NS,4.0,W,,,,,,
,J2,07/16/2014,4.88,4.86,1000,NS,14,NS,4.0,W,,,,,,
,J3,07/16/2014,4.66,4.61,4600,NS,10,NS,4.0,W,,,,,,
,J5,07/16/2014,5.65,5.13,760,NS,8,NS,3.0,W,,,,,,
,J7,07/16/2014,4.27,3.83,9600,NS,155,NS,3.5,W,,,,,,
,J8,07/16/2014,5.13,4.47,7800,NS,26,NS,4.5,W,,,,,,
,J9A,07/16/2014,5.21,4.87,6800,NS,26,NS,4.0,W,,,,,,
,N16,07/16/2014,NS,NS,NS,NS,NS,NS,NS,W,,,,,,
,N9,07/16/2014,6.00,6.14,620,NS,4,NS,6.0,W,,,,,,
,N9A,07/16/2014,6.59,6.51,1160,NS,2,NS,8.0,W,,,,,,
,PB2,07/16/2014,4.49,4.25,4000,NS,284,NS,3.0,W,,,,,,
,PB3,07/16/2014,5.96,NS,4000,NS,272,NS,3.5,W,,,,,,
,SP1,07/16/2014,3.91,NS,200000,NS,7000,NS,NS,W,,,,,,
,SP2,07/16/2014,4.63,NS,10500,NS,60,NS,3.5,W,,,,,,
,G2,07/15/2014,5.09,6.08,4000,NS,2460,NS,2.5,W,,,,,,
,K1,07/15/2014,5.90,5.74,2600,NS,680,NS,2.5,W,,,,,,
,K2,07/15/2014,6.05,5.80,400,NS,18,NS,3.0,W,,,,,,
,K3,07/15/2014,5.39,5.59,4300,NS,180,NS,3.0,W,,,,,,
,K4,07/15/2014,5.49,5.90,2700,NS,480,NS,2.5,W,,,,,,
,K5,07/15/2014,6.24,5.94,800,NS,87,NS,2.0,W,,,,,,
,K5A,07/15/2014,7.03,6.03,940,NS,16,NS,2.0,W,,,,,,
,K6,07/15/2014,6.60,6.78,400,NS,4,NS,4.0,W,,,,,,
,N6,07/15/2014,5.27,5.84,160,NS,34,NS,3.0,W,,,,,,
,N7,07/15/2014,6.43,6.14,1660,NS,42,NS,4.5,W,,,,,,
,N8,07/15/2014,6.60,6.49,2000,NS,28,NS,4.0,W,,,,,,
,NC0,07/15/2014,5.54,5.47,83000,44000,5000,4600,2.5,W,,,,,,
,NC1,07/15/2014,3.20,2.71,82000,62000,6400,3900,2.0,W,,,,,,
,NC2,07/15/2014,3.27,2.98,46000,6300,1400,485,2.0,W,,,,,,
,NC3,07/15/2014,3.94,4.71,31000,6500,390,800,2.0,W,,,,,,
,BR5,07/14/2014,5.04,NS,227,NS,8,NS,3.0,W,,,,,,
,E10,07/14/2014,5.51,4.40,54,NS,12,NS,5.0,W,,,,,,
,E14,07/14/2014,5.02,4.41,340,NS,66,NS,4.0,W,,,,,,
,E15,07/14/2014,4.90,4.60,3200,NS,100,NS,2.5,W,,,,,,
,E2,07/14/2014,5.68,5.66,2000,NS,46,NS,2.0,W,,,,,,
,E4,07/14/2014,5.82,5.12,230,NS,22,NS,3.0,W,,,,,,
,E6,07/14/2014,5.20,5.12,290,NS,28,NS,3.5,W,,,,,,
,E7,07/14/2014,5.15,4.82,590,NS,48,NS,5.0,W,,,,,,
,E8,07/14/2014,4.93,4.35,770,NS,66,NS,4.5,W,,,,,,
,FB1,07/14/2014,4.31,4.80,1410,NS,92,NS,2.0,W,,,,,,
,FLC1,07/14/2014,3.27,3.57,7200,NS,340,NS,1.5,W,,,,,,
,FLC2,07/14/2014,4.73,4.51,5600,NS,290,NS,2.5,W,,,,,,
,GC3,07/14/2014,9.30,7.82,97000,142000,4900,3900,NS,W,,,,,,
,GC4,07/14/2014,8.14,7.13,200000,57000,2400,11000,NS,W,,,,,,
,GC5,07/14/2014,7.29,6.54,200000,48000,11700,2600,NS,W,,,,,,
,GC6,07/14/2014,4.72,4.46,134000,52000,20000,1700,NS,W,,,,,,
,H3,07/14/2014,5.79,5.50,450,NS,88,NS,1.0,W,,,,,,
,N1,07/14/2014,5.89,5.54,80,NS,18,NS,1.5,W,,,,,,
,N3B,07/14/2014,5.50,5.29,210,NS,24,NS,1.5,W,,,,,,
,N4,07/14/2014,4.82,5.49,190,NS,22,NS,1.5,W,,,,,,
,N5,07/14/2014,6.23,5.95,132,NS,8,NS,1.5,W,,,,,,
,AC1,07/10/2014,3.20,NS,3100,NS,204,NS,NS,D,,,,,,
,AC2,07/10/2014,2.97,NS,8400,NS,2000,NS,NS,D,,,,,,
,BR1,07/10/2014,7.20,NS,2300,NS,164,NS,NS,D,,,,,,
,BR3,07/10/2014,1.75,NS,300,NS,80,NS,NS,D,,,,,,
,E11,07/10/2014,5.38,NS,14,NS,2,NS,NS,D,,,,,,
,E13,07/10/2014,4.50,NS,12,NS,1,NS,NS,D,,,,,,
,LN1,07/10/2014,5.01,NS,27,NS,4,NS,NS,D,,,,,,
,WC1,07/10/2014,5.58,NS,470,NS,16,NS,NS,D,,,,,,
,WC2,07/10/2014,0.08,NS,400,NS,26,NS,NS,D,,,,,,
,WC3,07/10/2014,5.01,NS,14,NS,1,NS,NS,D,,,,,,
,BB2,07/09/2014,0.00,NS,36000,NS,28,NS,1.0,D,,,,,,
,BB4,07/09/2014,3.42,3.17,4100,NS,8,NS,1.0,D,,,,,,
,CIC2,07/09/2014,2.25,NS,54,NS,10,NS,NS,D,,,,,,
,CIC3,07/09/2014,6.58,6.71,20000,NS,11,NS,3.0,D,,,,,,
,GB1,07/09/2014,8.56,8.47,100,NS,4,NS,4.0,D,,,,,,
,HC1,07/09/2014,0.14,NS,1640,NS,48,NS,NS,D,,,,,,
,HC2,07/09/2014,4.08,NS,236,NS,2,NS,NS,D,,,,,,
,J1,07/09/2014,6.53,6.12,62,NS,1,NS,3.0,D,,,,,,
,J10,07/09/2014,6.13,5.99,18,NS,1,NS,3.5,D,,,,,,
,J11,07/09/2014,8.85,7.93,96,NS,1,NS,3.0,D,,,,,,
,J12,07/09/2014,8.50,4.02,70,NS,1,NS,3.0,D,,,,,,
,J2,07/09/2014,5.77,5.38,31,NS,2,NS,3.0,D,,,,,,
,J3,07/09/2014,5.82,5.49,42,NS,1,NS,4.0,D,,,,,,
,J5,07/09/2014,6.94,6.54,14,NS,1,NS,3.0,D,,,,,,
,J7,07/09/2014,5.05,4.59,200,NS,2,NS,2.0,D,,,,,,
,J8,07/09/2014,5.54,5.05,31,NS,1,NS,3.5,D,,,,,,
,J9A,07/09/2014,6.29,5.64,52,NS,1,NS,3.5,D,,,,,,
,N16,07/09/2014,6.29,5.86,1,NS,1,NS,4.0,D,,,,,,
,N9,07/09/2014,8.10,7.61,27,NS,1,NS,4.0,D,,,,,,
,N9A,07/09/2014,5.69,5.66,1,NS,1,NS,5.0,D,,,,,,
,PB2,07/09/2014,10.46,4.95,96,NS,1,NS,1.5,D,,,,,,
,PB3,07/09/2014,10.95,NS,54,NS,1,NS,2.0,D,,,,,,
,SP1,07/09/2014,16.69,NS,4000,NS,124,NS,NS,D,,,,,,
,SP2,07/09/2014,7.35,NS,38,NS,1,NS,2.5,D,,,,,,
,F1,07/08/2014,8.20,NS,1520,NS,10,NS,NS,D,,,,,,
,F5,07/08/2014,5.78,NS,1070,NS,2,NS,NS,D,,,,,,
,G2,07/08/2014,8.12,7.51,22,NS,1,NS,5.0,D,,,,,,
,J14,07/08/2014,7.22,NS,4,NS,2,NS,NS,D,,,,,,
,J16,07/08/2014,7.73,NS,4,NS,2,NS,NS,D,,,,,,
,K1,07/08/2014,6.80,6.08,188,NS,14,NS,3.0,D,,,,,,
,K2,07/08/2014,6.98,6.90,20,NS,1,NS,3.5,D,,,,,,
,K3,07/08/2014,7.36,5.93,1820,NS,1,NS,3.0,D,,,,,,
,K4,07/08/2014,7.59,6.13,38,NS,1,NS,3.5,D,,,,,,
,K5,07/08/2014,4.85,5.82,15,NS,1,NS,3.0,D,,,,,,
,K5A,07/08/2014,5.57,5.90,27,NS,1,NS,3.0,D,,,,,,
,K6,07/08/2014,12.18,10.01,7,NS,1,NS,2.0,D,,,,,,
,N6,07/08/2014,6.62,6.24,232,NS,19,NS,2.0,D,,,,,,
,N7,07/08/2014,6.36,6.47,30,NS,3,NS,3.0,D,,,,,,
,N8,07/08/2014,7.01,6.49,16,NS,1,NS,4.0,D,,,,,,
,NC0,07/08/2014,4.96,5.15,2800,4000,128,160,2.0,D,,,,,,
,NC1,07/08/2014,5.83,4.77,2400,430,56,100,2.0,D,,,,,,
,NC2,07/08/2014,5.40,5.63,225,400,8,8,2.0,D,,,,,,
,NC3,07/08/2014,5.45,5.32,140,152,40,32,2.0,D,,,,,,
,BR5,07/07/2014,13.20,NS,224,NS,35,NS,1.0,D,,,,,,
,E10,07/07/2014,6.98,5.20,8,NS,1,NS,4.0,D,,,,,,
,E14,07/07/2014,5.30,4.84,9,NS,1,NS,3.5,D,,,,,,
,E15,07/07/2014,5.57,4.62,200,NS,8,NS,3.0,D,,,,,,
,E2,07/07/2014,5.83,5.91,23,NS,4,NS,4.5,D,,,,,,
,E4,07/07/2014,4.36,5.26,27,NS,2,NS,4.0,D,,,,,,
,E6,07/07/2014,6.43,6.08,60,NS,1,NS,3.0,D,,,,,,
,E7,07/07/2014,5.43,4.07,15,NS,1,NS,4.0,D,,,,,,
,E8,07/07/2014,4.83,4.24,8,NS,1,NS,4.5,D,,,,,,
,FB1,07/07/2014,6.00,5.99,152,NS,3,NS,1.5,D,,,,,,
,FLC1,07/07/2014,4.14,4.35,2000,NS,13,NS,2.5,D,,,,,,
,FLC2,07/07/2014,6.00,5.59,332,NS,11,NS,2.0,D,,,,,,
,GC3,07/07/2014,7.99,NS,140,NS,136,NS,NS,D,,,,,,
,GC4,07/07/2014,6.91,5.72,500,1300,84,400,NS,D,,,,,,
,GC5,07/07/2014,6.12,4.10,312,328,164,207,NS,D,,,,,,
,GC6,07/07/2014,5.59,0.26,268,1400,16,52,NS,D,,,,,,
,H3,07/07/2014,5.78,5.85,82,NS,9,NS,3.0,D,,,,,,
,N1,07/07/2014,9.55,6.20,20,NS,1,NS,2.5,D,,,,,,
,N3B,07/07/2014,7.45,5.28,43,NS,2,NS,2.0,D,,,,,,
,N4,07/07/2014,7.55,5.65,90,NS,1,NS,2.5,D,,,,,,
,N5,07/07/2014,6.91,6.49,39,NS,1,NS,4.0,D,,,,,,
,AC1,07/03/2014,8.00,NS,104000,NS,2200,NS,NS,W,,,,,,
,AC2,07/03/2014,8.68,NS,2600,NS,570,NS,NS,W,,,,,,
,BR1,07/03/2014,6.30,NS,115000,NS,7200,NS,NS,W,,,,,,
,BR3,07/03/2014,5.84,NS,200000,NS,7300,NS,NS,W,,,,,,
,E11,07/03/2014,8.71,NS,2000,NS,16,NS,NS,W,,,,,,
,E13,07/03/2014,5.04,NS,2000,NS,84,NS,NS,W,,,,,,
,LN1,07/03/2014,5.93,NS,520,NS,14,NS,NS,W,,,,,,
,WC1,07/03/2014,5.46,NS,2000,NS,2000,NS,NS,W,,,,,,
,WC2,07/03/2014,9.21,NS,2000,NS,2000,NS,NS,W,,,,,,
,WC3,07/03/2014,8.78,NS,2000,NS,28,NS,NS,W,,,,,,
,CIC2,07/02/2014,6.84,NS,2200,NS,4,NS,NS,D,,,,,,
,G2,07/02/2014,7.45,5.72,5,NS,1,NS,5.0,D,,,,,,
,HC1,07/02/2014,6.34,NS,88,NS,26,NS,NS,D,,,,,,
,HC2,07/02/2014,5.34,NS,5,NS,2,NS,NS,D,,,,,,
,K1,07/02/2014,6.40,6.01,2,NS,1,NS,4.0,D,,,,,,
,K2,07/02/2014,6.30,6.24,12,NS,2,NS,4.0,D,,,,,,
,K3,07/02/2014,6.31,6.27,18,NS,1,NS,3.5,D,,,,,,
,K4,07/02/2014,7.02,5.84,2,NS,1,NS,4.0,D,,,,,,
,K5,07/02/2014,10.70,5.55,7,NS,1,NS,1.0,D,,,,,,
,K5A,07/02/2014,13.29,9.81,2,NS,1,NS,1.5,D,,,,,,
,K6,07/02/2014,6.47,6.74,1,NS,1,NS,5.0,D,,,,,,
,N6,07/02/2014,6.74,6.32,5,NS,1,NS,4.5,D,,,,,,
,N7,07/02/2014,6.17,6.07,8,NS,10,NS,3.5,D,,,,,,
,N8,07/02/2014,6.51,6.21,6,NS,1,NS,4.0,D,,,,,,
,NC0,07/02/2014,8.41,8.60,600,580,24,12,1.5,D,,,,,,
,NC1,07/02/2014,6.49,7.54,192,200,4,4,2.0,D,,,,,,
,NC2,07/02/2014,8.34,8.19,14,11,4,12,2.0,D,,,,,,
,NC3,07/02/2014,9.34,10.21,53,61,4,8,2.0,D,,,,,,
,SP1,07/02/2014,7.87,NS,11,NS,2,NS,NS,D,,,,,,
,BB2,07/01/2014,NS,NS,NS,NS,NS,NS,NS,D,,,,,,
,BB4,07/01/2014,NS,NS,NS,NS,NS,NS,NS,D,,,,,,
,CIC3,07/01/2014,9.63,9.13,500,NS,2,NS,3.0,D,,,,,,
,F1,07/01/2014,8.41,NS,192,NS,4,NS,NS,D,,,,,,
,F5,07/01/2014,5.95,NS,89,NS,2,NS,NS,D,,,,,,
,GB1,07/01/2014,6.06,5.18,4,NS,1,NS,4.5,D,,,,,,
,J1,07/01/2014,5.72,5.50,1,NS,1,NS,6.5,D,,,,,,
,J10,07/01/2014,6.00,5.98,4,NS,1,NS,4.0,D,,,,,,
,J11,07/01/2014,6.60,5.91,4,NS,1,NS,3.5,D,,,,,,
,J12,07/01/2014,6.13,2.04,120,NS,1,NS,3.5,D,,,,,,
,J14,07/01/2014,6.74,NS,2,NS,2,NS,NS,D,,,,,,
,J16,07/01/2014,5.41,NS,6,NS,2,NS,NS,D,,,,,,
,J2,07/01/2014,5.69,4.91,1,NS,1,NS,4.0,D,,,,,,
,J3,07/01/2014,5.26,4.48,4,NS,2,NS,4.0,D,,,,,,
,J5,07/01/2014,4.68,3.07,15,NS,1,NS,3.5,D,,,,,,
,J7,07/01/2014,6.09,4.34,192,NS,1,NS,3.0,D,,,,,,
,J8,07/01/2014,5.02,4.41,19,NS,1,NS,4.0,D,,,,,,
,J9A,07/01/2014,5.72,4.97,1,NS,1,NS,4.0,D,,,,,,
,N16,07/01/2014,5.70,6.19,1,NS,1,NS,9.0,D,,,,,,
,N9,07/01/2014,5.68,5.83,1,NS,1,NS,6.0,D,,,,,,
,N9A,07/01/2014,5.79,5.47,1,NS,1,NS,7.0,D,,,,,,
,PB2,07/01/2014,7.30,6.43,60,NS,1,NS,3.0,D,,,,,,
,PB3,07/01/2014,6.84,NS,9,NS,1,NS,4.0,D,,,,,,
,SP2,07/01/2014,5.36,NS,12,NS,1,NS,4.0,D,,,,,,
,BR5,06/30/2014,6.84,NS,25,NS,2,NS,2.5,D,,,,,,
,E10,06/30/2014,8.12,4.44,1,NS,1,NS,3.0,D,,,,,,
,E14,06/30/2014,5.73,5.63,3,NS,1,NS,4.0,D,,,,,,
,E15,06/30/2014,8.43,8.09,8,NS,1,NS,2.0,D,,,,,,
,E2,06/30/2014,5.98,5.51,7,NS,1,NS,3.5,D,,,,,,
,E4,06/30/2014,5.45,6.15,11,NS,1,NS,3.5,D,,,,,,
,E6,06/30/2014,6.37,6.20,3,NS,1,NS,4.0,D,,,,,,
,E7,06/30/2014,5.68,5.59,2,NS,1,NS,3.0,D,,,,,,
,E8,06/30/2014,6.18,4.75,2,NS,1,NS,3.5,D,,,,,,
,FB1,06/30/2014,7.79,6.53,6,NS,2,NS,2.0,D,,,,,,
,FLC1,06/30/2014,5.69,5.39,500,NS,10,NS,2.5,D,,,,,,
,FLC2,06/30/2014,8.55,7.98,11,NS,1,NS,2.0,D,,,,,,
,GC3,06/30/2014,7.25,9.19,4,8,4,16,NS,D,,,,,,
,GC4,06/30/2014,8.66,6.85,15,19,10,20,NS,D,,,,,,
,GC5,06/30/2014,8.89,6.00,15,8,8,20,NS,D,,,,,,
,GC6,06/30/2014,6.57,2.89,11,15,24,4,NS,D,,,,,,
,H3,06/30/2014,6.53,6.19,42,NS,5,NS,1.0,D,,,,,,
,N1,06/30/2014,7.19,5.65,5,NS,1,NS,1.5,D,,,,,,
,N3B,06/30/2014,6.58,5.56,120,NS,5,NS,1.5,D,,,,,,
,N4,06/30/2014,7.41,5.56,16,NS,1,NS,2.0,D,,,,,,
,N5,06/30/2014,6.55,6.08,23,NS,1,NS,2.0,D,,,,,,
,AC1,06/26/2014,10.26,NS,800,NS,28,NS,NS,D,,,,,,
,AC2,06/26/2014,8.99,NS,2400,NS,144,NS,NS,D,,,,,,
,BR1,06/26/2014,6.38,NS,21000,NS,2000,NS,NS,D,,,,,,
,BR3,06/26/2014,4.27,NS,160,NS,8,NS,NS,D,,,,,,
,E11,06/26/2014,5.83,NS,24,NS,1,NS,NS,D,,,,,,
,E13,06/26/2014,5.40,NS,8,NS,1,NS,NS,D,,,,,,
,LN1,06/26/2014,7.16,NS,19,NS,1,NS,NS,D,,,,,,
,WC1,06/26/2014,4.80,NS,1470,NS,20,NS,NS,D,,,,,,
,WC2,06/26/2014,2.93,NS,2000,NS,200,NS,NS,D,,,,,,
,WC3,06/26/2014,5.54,NS,68,NS,6,NS,NS,D,,,,,,
,CIC2,06/25/2014,5.55,NS,125000,NS,440,NS,NS,D,,,,,,
,G2,06/25/2014,8.10,7.94,8,NS,1,NS,4.0,D,,,,,,
,HC1,06/25/2014,4.10,NS,188,NS,72,NS,NS,D,,,,,,
,HC2,06/25/2014,1.89,NS,11,NS,2,NS,NS,D,,,,,,
,K1,06/25/2014,7.57,7.15,4,NS,1,NS,3.0,D,,,,,,
,K2,06/25/2014,6.64,6.47,2,NS,1,NS,3.0,D,,,,,,
,K3,06/25/2014,7.25,6.92,2,NS,1,NS,3.5,D,,,,,,
,K4,06/25/2014,6.59,6.44,8,NS,1,NS,4.0,D,,,,,,
,K5,06/25/2014,6.11,5.52,9,NS,2,NS,3.0,D,,,,,,
,K5A,06/25/2014,6.91,6.43,5,NS,1,NS,2.0,D,,,,,,
,K6,06/25/2014,9.59,8.61,8,NS,1,NS,3.0,D,,,,,,
,N6,06/25/2014,6.99,7.17,10,NS,3,NS,2.0,D,,,,,,
,N7,06/25/2014,7.48,7.61,8,NS,1,NS,3.0,D,,,,,,
,N8,06/25/2014,7.52,7.62,2,NS,1,NS,4.0,D,,,,,,
,NC0,06/25/2014,5.58,5.52,310,230,20,16,4.5,D,,,,,,
,NC1,06/25/2014,3.76,3.55,31,8,40,4,4.0,D,,,,,,
,NC2,06/25/2014,4.50,4.52,22,17,4,10,4.0,D,,,,,,
,NC3,06/25/2014,5.28,5.18,14,11,10,4,3.5,D,,,,,,
,SP1,06/25/2014,4.59,NS,24,NS,12,NS,NS,D,,,,,,
,BB2,06/24/2014,9.61,NS,106000,NS,118,NS,1.0,D,,,,,,
,BB4,06/24/2014,10.88,10.06,14000,NS,13,NS,1.5,D,,,,,,
,CIC3,06/24/2014,8.86,9.00,7300,NS,6,NS,3.5,D,,,,,,
,F1,06/24/2014,16.91,NS,360,NS,2,NS,NS,D,,,,,,
,F5,06/24/2014,14.54,NS,152,NS,2,NS,NS,D,,,,,,
,GB1,06/24/2014,8.48,8.10,23,NS,1,NS,5.0,D,,,,,,
,J1,06/24/2014,10.92,10.10,2,NS,1,NS,4.0,D,,,,,,
,J10,06/24/2014,12.73,12.46,78,NS,1,NS,2.5,D,,,,,,
,J11,06/24/2014,13.20,10.35,26,NS,1,NS,3.0,D,,,,,,
,J12,06/24/2014,11.79,10.43,25,NS,1,NS,2.5,D,,,,,,
,J14,06/24/2014,8.17,NS,2,NS,2,NS,NS,D,,,,,,
,J16,06/24/2014,11.02,NS,2,NS,2,NS,NS,D,,,,,,
,J2,06/24/2014,11.36,10.48,6,NS,1,NS,3.5,D,,,,,,
,J3,06/24/2014,11.42,10.32,138,NS,1,NS,3.0,D,,,,,,
,J5,06/24/2014,10.03,9.87,12,NS,1,NS,3.5,D,,,,,,
,J7,06/24/2014,13.17,10.57,42,NS,1,NS,2.5,D,,,,,,
,J8,06/24/2014,11.64,8.96,88,NS,1,NS,3.0,D,,,,,,
,J9A,06/24/2014,10.60,9.66,144,NS,1,NS,3.0,D,,,,,,
,N16,06/24/2014,8.60,7.83,1,NS,1,NS,7.0,D,,,,,,
,N9,06/24/2014,8.45,8.49,7,NS,1,NS,5.5,D,,,,,,
,N9A,06/24/2014,8.34,8.40,1,NS,1,NS,7.0,D,,,,,,
,PB2,06/24/2014,15.36,15.44,42,NS,1,NS,2.0,D,,,,,,
,PB3,06/24/2014,15.43,NS,24,NS,1,NS,2.5,D,,,,,,
,SP2,06/24/2014,11.83,NS,146,NS,1,NS,3.0,D,,,,,,
,BR5,06/23/2014,10.83,NS,86,NS,12,NS,2.0,D,,,,,,
,E10,06/23/2014,7.41,5.42,20,NS,1,NS,3.5,D,,,,,,
,E14,06/23/2014,6.41,6.18,2,NS,1,NS,4.0,D,,,,,,
,E15,06/23/2014,10.73,12.00,44,NS,1,NS,2.0,D,,,,,,
,E2,06/23/2014,6.66,6.92,16,NS,4,NS,4.5,D,,,,,,
,E4,06/23/2014,6.02,6.33,7,NS,1,NS,4.0,D,,,,,,
,E6,06/23/2014,7.79,7.12,16,NS,1,NS,4.0,D,,,,,,
,E7,06/23/2014,6.49,5.68,1,NS,1,NS,3.5,D,,,,,,
,E8,06/23/2014,7.21,4.99,1,NS,1,NS,4.0,D,,,,,,
,FB1,06/23/2014,11.46,12.07,19,NS,2,NS,2.0,D,,,,,,
,FLC1,06/23/2014,6.55,7.34,224,NS,34,NS,1.5,D,,,,,,
,FLC2,06/23/2014,10.22,8.98,144,NS,22,NS,2.5,D,,,,,,
,GC3,06/23/2014,9.00,9.44,69,4,12,8,NS,D,,,,,,
,GC4,06/23/2014,9.86,6.07,8,31,4,40,NS,D,,,,,,
,GC5,06/23/2014,9.05,8.93,23,15,4,28,NS,D,,,,,,
,GC6,06/23/2014,7.38,7.65,23,42,8,24,NS,D,,,,,,
,H3,06/23/2014,7.16,6.05,13,NS,5,NS,3.5,D,,,,,,
,N1,06/23/2014,7.42,6.11,4,NS,1,NS,2.0,D,,,,,,
,N3B,06/23/2014,7.17,6.54,11,NS,4,NS,2.0,D,,,,,,
,N4,06/23/2014,7.52,7.31,58,NS,8,NS,2.5,D,,,,,,
,N5,06/23/2014,7.18,8.05,20,NS,2,NS,2.5,D,,,,,,
,BR5,06/19/2014,7.12,NS,103,NS,6,NS,2.0,D,,,,,,
,E10,06/19/2014,7.06,5.77,2,NS,1,NS,4.0,D,,,,,,
,E14,06/19/2014,6.10,6.00,11,NS,1,NS,3.0,D,,,,,,
,E15,06/19/2014,5.43,5.50,80,NS,5,NS,2.5,D,,,,,,
,E2,06/19/2014,5.80,5.80,11,NS,4,NS,3.5,D,,,,,,
,E4,06/19/2014,6.11,6.08,12,NS,1,NS,3.5,D,,,,,,
,E6,06/19/2014,5.99,5.92,4,NS,1,NS,2.0,D,,,,,,
,E7,06/19/2014,6.64,6.29,8,NS,1,NS,3.5,D,,,,,,
,E8,06/19/2014,6.45,6.15,5,NS,2,NS,3.5,D,,,,,,
,F1,06/19/2014,5.90,NS,99,NS,12,NS,NS,D,,,,,,
,F5,06/19/2014,9.55,NS,160,NS,2,NS,NS,D,,,,,,
,FB1,06/19/2014,6.06,6.08,61,NS,3,NS,2.5,D,,,,,,
,FLC1,06/19/2014,3.43,4.12,1000,NS,98,NS,2.0,D,,,,,,
,FLC2,06/19/2014,5.33,5.36,1300,NS,38,NS,2.0,D,,,,,,
,H3,06/19/2014,6.49,6.32,40,NS,7,NS,1.0,D,,,,,,
,J14,06/19/2014,9.74,NS,4,NS,2,NS,NS,D,,,,,,
,J16,06/19/2014,10.64,NS,2,NS,2,NS,NS,D,,,,,,
,N1,06/19/2014,6.68,5.92,20,NS,1,NS,2.0,D,,,,,,
,N3B,06/19/2014,6.32,5.93,64,NS,7,NS,2.5,D,,,,,,
,N4,06/19/2014,6.72,6.08,55,NS,3,NS,2.0,D,,,,,,
,N5,06/19/2014,6.52,7.11,39,NS,1,NS,3.0,D,,,,,,
,G2,06/18/2014,7.23,7.21,8,NS,2,NS,4.0,D,,,,,,
,K1,06/18/2014,6.54,6.96,55,NS,2,NS,3.0,D,,,,,,
,K2,06/18/2014,6.03,6.20,22,NS,10,NS,3.0,D,,,,,,
,K3,06/18/2014,5.71,5.61,48,NS,4,NS,3.0,D,,,,,,
,K4,06/18/2014,7.46,6.01,60,NS,1,NS,3.0,D,,,,,,
,K5,06/18/2014,9.13,7.15,7,NS,1,NS,2.0,D,,,,,,
,K5A,06/18/2014,8.56,7.63,13,NS,1,NS,2.0,D,,,,,,
,K6,06/18/2014,10.39,8.52,1,NS,1,NS,3.0,D,,,,,,
,N6,06/18/2014,7.70,7.28,18,NS,1,NS,3.0,D,,,,,,
,N7,06/18/2014,7.16,7.07,160,NS,12,NS,2.5,D,,,,,,
,N8,06/18/2014,7.34,7.91,26,NS,1,NS,3.0,D,,,,,,
,NC0,06/18/2014,8.47,8.62,750,780,80,36,2.0,D,,,,,,
,NC1,06/18/2014,6.23,8.27,238,200,12,24,2.0,D,,,,,,
,NC2,06/18/2014,10.37,9.09,47,80,24,8,2.0,D,,,,,,
,NC3,06/18/2014,8.13,8.01,28,80,40,12,1.5,D,,,,,,
,BB2,06/17/2014,4.14,NS,164000,NS,470,NS,2.0,D,,,,,,
,BB4,06/17/2014,8.45,7.25,4500,NS,2,NS,2.5,D,,,,,,
,CIC2,06/17/2014,6.40,NS,7600,NS,28,NS,NS,D,,,,,,
,CIC3,06/17/2014,6.59,6.60,800,NS,3,NS,4.5,D,,,,,,
,GB1,06/17/2014,6.73,6.54,54,NS,6,NS,4.0,D,,,,,,
,HC1,06/17/2014,5.51,NS,300,NS,28,NS,NS,D,,,,,,
,HC2,06/17/2014,6.93,NS,196,NS,2,NS,NS,D,,,,,,
,J1,06/17/2014,7.73,7.82,2,NS,1,NS,6.0,D,,,,,,
,J10,06/17/2014,8.96,8.45,1,NS,1,NS,4.5,D,,,,,,
,J11,06/17/2014,10.47,8.90,56,NS,1,NS,3.0,D,,,,,,
,J12,06/17/2014,8.56,5.37,650,NS,1,NS,2.0,D,,,,,,
,J2,06/17/2014,9.33,6.77,7,NS,1,NS,3.0,D,,,,,,
,J3,06/17/2014,7.38,7.27,9,NS,1,NS,4.0,D,,,,,,
,J5,06/17/2014,9.30,8.50,4,NS,1,NS,3.0,D,,,,,,
,J7,06/17/2014,11.68,9.80,400,NS,1,NS,2.0,D,,,,,,
,J8,06/17/2014,6.36,7.81,38,NS,1,NS,3.5,D,,,,,,
,J9A,06/17/2014,9.53,7.91,7,NS,1,NS,3.5,D,,,,,,
,N16,06/17/2014,8.95,8.29,1,NS,1,NS,9.5,D,,,,,,
,N9,06/17/2014,7.44,7.29,4,NS,1,NS,5.0,D,,,,,,
,N9A,06/17/2014,8.01,7.95,1,NS,1,NS,7.5,D,,,,,,
,PB2,06/17/2014,14.12,11.33,46,NS,2,NS,1.0,D,,,,,,
,PB3,06/17/2014,10.51,NS,11,NS,1,NS,3.0,D,,,,,,
,SP1,06/17/2014,9.21,NS,116,NS,2,NS,NS,D,,,,,,
,SP2,06/17/2014,8.02,NS,41,NS,1,NS,3.5,D,,,,,,
,GC3,06/16/2014,6.27,6.21,376,400,390,530,NS,D,,,,,,
,GC4,06/16/2014,5.24,5.91,1400,200,152,540,NS,D,,,,,,
,GC5,06/16/2014,5.14,4.89,392,304,100,188,NS,D,,,,,,
,GC6,06/16/2014,6.59,5.88,1200,368,12,64,NS,D,,,,,,
,AC1,06/12/2014,6.59,NS,890,NS,130,NS,NS,W,,,,,,
,AC2,06/12/2014,6.15,NS,9200,NS,3500,NS,NS,W,,,,,,
,BR1,06/12/2014,7.35,NS,700,NS,760,NS,NS,W,,,,,,
,BR3,06/12/2014,4.79,NS,820,NS,110,NS,NS,W,,,,,,
,E11,06/12/2014,8.08,NS,35,NS,2,NS,NS,W,,,,,,
,E13,06/12/2014,7.39,NS,64,NS,2,NS,NS,W,,,,,,
,LN1,06/12/2014,8.75,NS,74,NS,4,NS,NS,W,,,,,,
,WC1,06/12/2014,7.25,NS,900,NS,85,NS,NS,W,,,,,,
,WC2,06/12/2014,2.62,NS,1100,NS,90,NS,NS,W,,,,,,
,WC3,06/12/2014,7.62,NS,74,NS,2,NS,NS,W,,,,,,
,CIC2,06/11/2014,3.79,NS,67000,NS,2000,NS,NS,W,,,,,,
,G2,06/11/2014,7.17,6.76,100,NS,4,NS,4.0,W,,,,,,
,HC1,06/11/2014,0.05,NS,840,NS,20,NS,NS,W,,,,,,
,HC2,06/11/2014,1.20,NS,162,NS,10,NS,NS,W,,,,,,
,K1,06/11/2014,6.90,7.12,47,NS,2,NS,3.5,W,,,,,,
,K2,06/11/2014,6.73,6.74,100,NS,16,NS,4.0,W,,,,,,
,K3,06/11/2014,6.64,6.31,120,NS,10,NS,3.0,W,,,,,,
,K4,06/11/2014,6.42,6.08,221,NS,26,NS,4.0,W,,,,,,
,K5,06/11/2014,7.45,5.75,83,NS,6,NS,2.5,W,,,,,,
,K5A,06/11/2014,8.04,7.28,50,NS,2,NS,2.0,W,,,,,,
,K6,06/11/2014,NS,NS,NS,NS,NS,NS,NS,W,,,,,,
,N6,06/11/2014,7.81,7.01,132,NS,8,NS,3.0,W,,,,,,
,N7,06/11/2014,8.23,7.24,116,NS,2,NS,4.5,W,,,,,,
,N8,06/11/2014,8.25,7.65,88,NS,6,NS,4.5,W,,,,,,
,NC0,06/11/2014,0.36,0.38,72000,8300,1260,210,2.0,W,,,,,,
,NC1,06/11/2014,3.78,3.09,29000,3000,90,100,3.5,W,,,,,,
,NC2,06/11/2014,3.81,3.41,4400,5900,50,50,3.0,W,,,,,,
,NC3,06/11/2014,4.71,5.28,4700,2900,30,40,4.0,W,,,,,,
,SP1,06/11/2014,5.55,NS,480,NS,10,NS,NS,W,,,,,,
,F1,06/10/2014,2.20,NS,20000,NS,2500,NS,NS,W,,,,,,
,F5,06/10/2014,2.48,NS,20000,NS,100,NS,NS,W,,,,,,
,J14,06/10/2014,5.79,NS,11,NS,4,NS,NS,W,,,,,,
,J16,06/10/2014,7.83,NS,56,NS,4,NS,NS,W,,,,,,
,GC3,06/09/2014,11.18,11.18,200000,100000,196000,45000,NS,W,,,,,,
,GC4,06/09/2014,10.78,10.64,200000,133000,106000,57000,NS,W,,,,,,
,GC5,06/09/2014,10.66,10.75,200000,140000,104000,54000,NS,W,,,,,,
,GC6,06/09/2014,9.16,7.96,200000,124000,87000,26000,NS,W,,,,,,
,G2,06/04/2014,6.52,7.09,18,NS,2,NS,3.5,W,,,,,,
,K1,06/04/2014,6.97,6.14,108,NS,16,NS,3.0,W,,,,,,
,K2,06/04/2014,7.37,7.02,260,NS,40,NS,5.0,W,,,,,,
,K3,06/04/2014,6.35,5.99,5100,NS,204,NS,3.5,W,,,,,,
,K4,06/04/2014,7.25,6.49,11,NS,2,NS,4.0,W,,,,,,
,K5,06/04/2014,12.37,7.22,4,NS,2,NS,2.0,W,,,,,,
,K5A,06/04/2014,9.72,8.59,14,NS,2,NS,2.5,W,,,,,,
,K6,06/04/2014,8.49,9.62,25,NS,2,NS,4.0,W,,,,,,
,N6,06/04/2014,7.58,7.09,84,NS,4,NS,3.0,W,,,,,,
,N7,06/04/2014,7.66,7.42,148,NS,42,NS,2.0,W,,,,,,
,N8,06/04/2014,7.98,6.73,176,NS,22,NS,3.0,W,,,,,,
,NC0,06/04/2014,14.95,13.59,280,850,120,210,2.0,W,,,,,,
,NC1,06/04/2014,15.52,11.43,920,470,20,50,2.0,W,,,,,,
,NC2,06/04/2014,16.53,15.59,135,117,10,10,2.5,W,,,,,,
,NC3,06/04/2014,11.56,9.45,171,36,10,10,2.5,W,,,,,,
,BB2,06/03/2014,11.43,NS,87000,NS,14,NS,2.0,D,,,,,,
,BB4,06/03/2014,12.18,9.98,910,NS,1,NS,2.0,D,,,,,,
,CIC2,06/03/2014,8.48,NS,4300,NS,12,NS,NS,D,,,,,,
,CIC3,06/03/2014,8.51,8.26,540,NS,1,NS,4.0,D,,,,,,
,GB1,06/03/2014,8.46,8.24,11,NS,1,NS,3.0,D,,,,,,
,HC1,06/03/2014,7.44,NS,35,NS,4,NS,NS,D,,,,,,
,HC2,06/03/2014,11.01,NS,8,NS,2,NS,NS,D,,,,,,
,J1,06/03/2014,9.21,8.69,1,NS,1,NS,5.0,D,,,,,,
,J10,06/03/2014,11.43,10.73,1,NS,1,NS,3.0,D,,,,,,
,J11,06/03/2014,14.21,11.08,28,NS,1,NS,3.0,D,,,,,,
,J12,06/03/2014,14.54,7.21,180,NS,1,NS,2.5,D,,,,,,
,J2,06/03/2014,12.07,9.42,4,NS,1,NS,3.5,D,,,,,,
,J3,06/03/2014,10.30,9.36,2,NS,1,NS,3.0,D,,,,,,
,J5,06/03/2014,10.30,9.91,5,NS,1,NS,4.0,D,,,,,,
,J7,06/03/2014,16.20,10.10,1000,NS,1,NS,1.5,D,,,,,,
,J8,06/03/2014,12.28,9.53,46,NS,1,NS,3.0,D,,,,,,
,J9A,06/03/2014,11.18,9.90,4,NS,1,NS,3.5,D,,,,,,
,N16,06/03/2014,8.98,8.18,1,NS,1,NS,4.0,D,,,,,,
,N9,06/03/2014,8.95,8.37,3,NS,1,NS,5.0,D,,,,,,
,N9A,06/03/2014,8.59,8.52,1,NS,1,NS,5.5,D,,,,,,
,PB2,06/03/2014,13.38,11.60,54,NS,1,NS,2.0,D,,,,,,
,PB3,06/03/2014,13.26,NS,21,NS,1,NS,2.5,D,,,,,,
,SP1,06/03/2014,13.19,NS,6,NS,8,NS,NS,D,,,,,,
,SP2,06/03/2014,12.02,NS,60,NS,1,NS,3.0,D,,,,,,
,BR5,06/02/2014,9.01,NS,42,NS,2,NS,3.0,D,,,,,,
,E10,06/02/2014,8.18,7.87,1,NS,1,NS,5.0,D,,,,,,
,E14,06/02/2014,7.31,6.91,6,NS,1,NS,4.0,D,,,,,,
,E15,06/02/2014,9.45,9.55,44,NS,6,NS,2.0,D,,,,,,
,E2,06/02/2014,8.04,7.21,7,NS,1,NS,4.0,D,,,,,,
,E4,06/02/2014,8.01,7.36,23,NS,4,NS,3.0,D,,,,,,
,E6,06/02/2014,7.38,7.49,1,NS,1,NS,3.5,D,,,,,,
,E7,06/02/2014,7.74,7.52,8,NS,1,NS,3.0,D,,,,,,
,E8,06/02/2014,7.96,7.95,1,NS,1,NS,3.0,D,,,,,,
,FB1,06/02/2014,9.47,9.61,4,NS,1,NS,2.5,D,,,,,,
,FLC1,06/02/2014,7.96,6.92,1200,NS,36,NS,2.0,D,,,,,,
,FLC2,06/02/2014,10.22,9.55,224,NS,14,NS,2.0,D,,,,,,
,GC3,06/02/2014,11.83,11.76,50,4,20,16,NS,D,,,,,,
,GC4,06/02/2014,10.89,10.90,4,31,16,24,NS,D,,,,,,
,GC5,06/02/2014,10.14,10.20,80,8,20,32,NS,D,,,,,,
,GC6,06/02/2014,9.62,7.29,384,120,4,52,NS,D,,,,,,
,H3,06/02/2014,7.97,8.35,42,NS,6,NS,1.0,D,,,,,,
,N1,06/02/2014,8.08,7.67,60,NS,6,NS,1.0,D,,,,,,
,N3B,06/02/2014,8.05,7.17,42,NS,2,NS,1.0,D,,,,,,
,N4,06/02/2014,7.76,7.45,100,NS,4,NS,1.5,D,,,,,,
,N5,06/02/2014,7.80,7.89,94,NS,1,NS,2.5,D,,,,,,
,AC1,05/29/2014,6.13,NS,1700,NS,24,NS,NS,D,,,,,,
,AC2,05/29/2014,5.88,NS,2200,NS,60,NS,NS,D,,,,,,
,BR1,05/29/2014,7.95,NS,1300,NS,228,NS,NS,D,,,,,,
,BR3,05/29/2014,6.81,NS,368,NS,48,NS,NS,D,,,,,,
,E11,05/29/2014,7.90,NS,9,NS,1,NS,NS,D,,,,,,
,E13,05/29/2014,8.23,NS,20,NS,1,NS,NS,D,,,,,,
,HC1,05/29/2014,5.75,NS,26,NS,4,NS,NS,D,,,,,,
,HC2,05/29/2014,6.31,NS,640,NS,4,NS,NS,D,,,,,,
,LN1,05/29/2014,8.81,NS,11,NS,3,NS,NS,D,,,,,,
,SP1,05/29/2014,7.85,NS,200,NS,920,NS,NS,D,,,,,,
,WC1,05/29/2014,6.46,NS,154,NS,2,NS,NS,D,,,,,,
,WC2,05/29/2014,3.98,NS,82,NS,4,NS,NS,D,,,,,,
,WC3,05/29/2014,8.39,NS,3,NS,1,NS,NS,D,,,,,,
,BB2,05/28/2014,1.30,NS,41000,NS,690,NS,1.0,D,,,,,,
,BB4,05/28/2014,6.74,6.47,4300,NS,120,NS,3.0,D,,,,,,
,CIC3,05/28/2014,7.60,7.31,2400,NS,30,NS,3.5,D,,,,,,
,F1,05/28/2014,6.97,NS,740,NS,6,NS,NS,D,,,,,,
,F5,05/28/2014,7.06,NS,200,NS,2,NS,NS,D,,,,,,
,GB1,05/28/2014,7.92,8.32,11,NS,1,NS,3.0,D,,,,,,
,J1,05/28/2014,9.55,8.99,4,NS,1,NS,4.0,D,,,,,,
,J10,05/28/2014,9.06,9.25,6,NS,1,NS,3.5,D,,,,,,
,J11,05/28/2014,8.72,8.29,36,NS,3,NS,5.0,D,,,,,,
,J12,05/28/2014,11.58,4.35,390,NS,8,NS,3.0,D,,,,,,
,J14,05/28/2014,8.29,NS,46,NS,2,NS,NS,D,,,,,,
,J16,05/28/2014,8.04,NS,13,NS,2,NS,NS,D,,,,,,
,J2,05/28/2014,8.87,8.62,16,NS,1,NS,4.0,D,,,,,,
,J3,05/28/2014,9.33,8.56,870,NS,3,NS,3.0,D,,,,,,
,J5,05/28/2014,9.28,9.45,20,NS,1,NS,3.5,D,,,,,,
,J7,05/28/2014,8.80,7.54,1700,NS,28,NS,3.5,D,,,,,,
,J8,05/28/2014,8.60,8.15,2000,NS,7,NS,3.0,D,,,,,,
,J9A,05/28/2014,9.31,8.42,690,NS,4,NS,3.0,D,,,,,,
,N16,05/28/2014,NS,NS,NS,NS,NS,NS,NS,D,,,,,,
,N9,05/28/2014,8.61,8.45,6,NS,1,NS,6.0,D,,,,,,
,N9A,05/28/2014,8.81,8.73,1,NS,1,NS,6.5,D,,,,,,
,PB2,05/28/2014,7.20,7.27,48,NS,21,NS,2.0,D,,,,,,
,PB3,05/28/2014,9.24,NS,31,NS,5,NS,2.5,D,,,,,,
,SP2,05/28/2014,8.31,NS,1120,NS,6,NS,3.5,D,,,,,,
,BR5,05/27/2014,4.75,NS,68,NS,5,NS,4.0,D,,,,,,
,CIC2,05/27/2014,2.93,NS,126000,NS,1300,NS,NS,D,,,,,,
,E15,05/27/2014,7.40,7.43,42,NS,5,NS,3.0,D,,,,,,
,E6,05/27/2014,7.40,7.59,11,NS,3,NS,3.5,D,,,,,,
,FB1,05/27/2014,7.65,7.49,67,NS,3,NS,3.0,D,,,,,,
,FLC1,05/27/2014,6.79,6.48,236,NS,50,NS,2.0,D,,,,,,
,FLC2,05/27/2014,7.31,7.23,69,NS,15,NS,3.0,D,,,,,,
,GC3,05/27/2014,10.70,10.77,240,176,92,104,NS,D,,,,,,
,GC4,05/27/2014,10.46,10.40,264,152,44,64,NS,D,,,,,,
,GC5,05/27/2014,10.36,10.25,232,288,52,132,NS,D,,,,,,
,GC6,05/27/2014,7.97,9.16,180,188,48,116,NS,D,,,,,,
,NC0,05/27/2014,6.87,7.04,1000,740,NS,NS,4.0,D,,,,,,
,NC1,05/27/2014,5.55,5.19,108,176,NS,NS,3.0,D,,,,,,
,NC2,05/27/2014,6.07,5.71,100,124,NS,NS,3.0,D,,,,,,
,NC3,05/27/2014,6.89,6.73,44,58,NS,NS,4.0,D,,,,,,
,AC1,05/22/2014,6.06,NS,2500,NS,590,NS,NS,W,,,,,,
,AC2,05/22/2014,6.38,NS,2700,NS,110,NS,NS,W,,,,,,
,BR1,05/22/2014,6.76,NS,3300,NS,2200,NS,NS,W,,,,,,
,BR3,05/22/2014,4.17,NS,480,NS,200,NS,NS,W,,,,,,
,E11,05/22/2014,9.19,NS,18,NS,2,NS,NS,W,,,,,,
,E13,05/22/2014,7.83,NS,200,NS,14,NS,NS,W,,,,,,
,LN1,05/22/2014,9.31,NS,8,NS,2,NS,NS,W,,,,,,
,WC1,05/22/2014,5.11,NS,560,NS,92,NS,NS,W,,,,,,
,WC2,05/22/2014,4.06,NS,820,NS,330,NS,NS,W,,,,,,
,WC3,05/22/2014,6.12,NS,520,NS,70,NS,NS,W,,,,,,
,CIC2,05/21/2014,3.41,NS,6600,NS,132,NS,NS,D,,,,,,
,G2,05/21/2014,7.70,7.47,32,NS,2,NS,3.0,D,,,,,,
,HC1,05/21/2014,6.11,NS,NS,NS,NS,NS,NS,D,,,,,,
,HC2,05/21/2014,6.49,NS,18,NS,2,NS,NS,D,,,,,,
,K1,05/21/2014,8.08,8.02,65,NS,10,NS,2.0,D,,,,,,
,K2,05/21/2014,7.33,7.65,84,NS,7,NS,3.0,D,,,,,,
,K3,05/21/2014,7.16,7.32,28,NS,2,NS,3.0,D,,,,,,
,K4,05/21/2014,6.61,6.56,32,NS,2,NS,3.0,D,,,,,,
,K5,05/21/2014,8.40,8.66,12,NS,1,NS,3.0,D,,,,,,
,K5A,05/21/2014,8.55,9.07,15,NS,2,NS,2.5,D,,,,,,
,K6,05/21/2014,8.63,8.77,12,NS,1,NS,3.0,D,,,,,,
,N6,05/21/2014,8.17,8.23,32,NS,2,NS,2.0,D,,,,,,
,N7,05/21/2014,8.04,8.00,212,NS,20,NS,1.5,D,,,,,,
,N8,05/21/2014,8.12,8.24,42,NS,4,NS,2.0,D,,,,,,
,NC0,05/21/2014,NS,NS,NS,NS,NS,NS,NS,NS,,,,,,
,NC1,05/21/2014,6.00,5.69,80,80,16,12,5.0,D,,,,,,
,NC2,05/21/2014,6.65,6.93,25,28,4,20,5.0,D,,,,,,
,NC3,05/21/2014,6.53,6.40,39,61,4,20,5.5,D,,,,,,
,SP1,05/21/2014,8.13,NS,16,NS,12,NS,NS,D,,,,,,
,BB2,05/20/2014,7.12,NS,2600,NS,14,NS,2.0,D,,,,,,
,BB4,05/20/2014,7.67,7.26,970,NS,1,NS,3.0,D,,,,,,
,CIC3,05/20/2014,7.16,7.66,99,NS,6,NS,2.0,D,,,,,,
,F1,05/20/2014,8.51,NS,105,NS,2,NS,NS,D,,,,,,
,F5,05/20/2014,9.16,NS,98,NS,4,NS,NS,D,,,,,,
,GB1,05/20/2014,7.82,7.84,27,NS,3,NS,2.0,D,,,,,,
,J1,05/20/2014,9.73,9.64,1,NS,1,NS,5.0,D,,,,,,
,J10,05/20/2014,6.09,8.88,3,NS,1,NS,3.0,D,,,,,,
,J11,05/20/2014,6.35,6.92,5,NS,1,NS,3.0,D,,,,,,
,J12,05/20/2014,9.92,6.29,520,NS,2,NS,2.0,D,,,,,,
,J14,05/20/2014,10.84,NS,1,NS,12,NS,NS,D,,,,,,
,J16,05/20/2014,9.74,NS,2,NS,2,NS,NS,D,,,,,,
,J2,05/20/2014,8.74,8.14,1,NS,1,NS,2.5,D,,,,,,
,J3,05/20/2014,7.48,8.18,21,NS,1,NS,3.5,D,,,,,,
,J5,05/20/2014,8.73,7.24,8,NS,1,NS,2.5,D,,,,,,
,J7,05/20/2014,7.45,6.63,400,NS,1,NS,3.0,D,,,,,,
,J8,05/20/2014,8.80,8.72,15,NS,1,NS,3.0,D,,,,,,
,J9A,05/20/2014,8.70,7.03,8,NS,1,NS,3.0,D,,,,,,
,N16,05/20/2014,9.32,9.25,1,NS,1,NS,7.0,D,,,,,,
,N9,05/20/2014,8.49,8.43,1,NS,1,NS,6.0,D,,,,,,
,N9A,05/20/2014,6.77,7.23,1,NS,1,NS,6.5,D,,,,,,
,PB2,05/20/2014,7.99,7.94,144,NS,27,NS,2.0,D,,,,,,
,PB3,05/20/2014,9.37,NS,27,NS,1,NS,2.0,D,,,,,,
,SP2,05/20/2014,7.79,NS,50,NS,1,NS,3.0,D,,,,,,
,GC3,05/19/2014,9.16,8.64,50,144,188,124,NS,D,,,,,,
,GC4,05/19/2014,8.18,8.38,50,400,136,236,NS,D,,,,,,
,GC5,05/19/2014,8.49,7.43,54,264,64,124,NS,D,,,,,,
,GC6,05/19/2014,7.70,5.50,80,800,4,132,NS,D,,,,,,
,CIC2,04/09/2014,7.22,NS,2000,NS,4800,NS,NS,W,,,,,,
,GC3,04/09/2014,13.76,12.85,510,890,500,520,NS,W,,,,,,
,GC4,04/09/2014,13.69,13.05,1540,210,630,150,NS,W,,,,,,
,GC5,04/09/2014,13.60,13.37,1930,1140,680,300,NS,W,,,,,,
,GC6,04/09/2014,12.21,11.93,2000,1020,2000,440,NS,W,,,,,,
,AC1,04/08/2014,13.08,NS,790,NS,570,NS,NS,W,,,,,,
,AC2,04/08/2014,2.27,NS,690,NS,400,NS,NS,W,,,,,,
,BR1,04/08/2014,10.19,NS,540,NS,2500,NS,NS,W,,,,,,
,BR3,04/08/2014,10.92,NS,570,NS,770,NS,NS,W,,,,,,
,HC1,04/08/2014,4.40,NS,560,NS,120,NS,NS,W,,,,,,
,HC2,04/08/2014,10.25,NS,18,NS,10,NS,NS,W,,,,,,
,SP1,04/08/2014,8.87,NS,240,NS,60,NS,NS,W,,,,,,
,BB2,04/03/2014,13.07,NS,200,NS,14,NS,3.0,D,,,,,,
,BB4,04/03/2014,10.22,10.55,45,NS,9,NS,3.0,D,,,,,,
,CIC3,04/03/2014,11.04,10.59,135,NS,36,NS,2.5,D,,,,,,
,GB1,04/03/2014,11.14,10.78,33,NS,10,NS,2.0,D,,,,,,
,J1,04/03/2014,9.78,11.04,1,NS,1,NS,6.0,D,,,,,,
,J10,04/03/2014,11.79,12.63,1,NS,1,NS,4.0,D,,,,,,
,J11,04/03/2014,10.62,10.79,2,NS,1,NS,4.5,D,,,,,,
,J12,04/03/2014,11.95,9.26,50,NS,2,NS,4.0,D,,,,,,
,J2,04/03/2014,11.93,11.31,1,NS,1,NS,4.0,D,,,,,,
,J3,04/03/2014,12.24,12.18,1,NS,1,NS,4.0,D,,,,,,
,J5,04/03/2014,10.29,11.15,2,NS,1,NS,3.5,D,,,,,,
,J7,04/03/2014,11.16,12.22,50,NS,1,NS,4.0,D,,,,,,
,J8,04/03/2014,11.31,12.62,15,NS,1,NS,3.5,D,,,,,,
,J9A,04/03/2014,11.29,11.42,2,NS,1,NS,4.0,D,,,,,,
,N16,04/03/2014,9.47,9.78,1,NS,1,NS,8.0,D,,,,,,
,N9,04/03/2014,8.98,10.21,2,NS,1,NS,5.0,D,,,,,,
,N9A,04/03/2014,9.85,10.56,1,NS,1,NS,5.0,D,,,,,,
,PB2,04/03/2014,NS,NS,NS,NS,NS,NS,NS,D,,,,,,
,PB3,04/03/2014,NS,NS,NS,NS,NS,NS,NS,D,,,,,,
,SP2,04/03/2014,12.72,NS,1,NS,1,NS,4.5,D,,,,,,
,G2,04/02/2014,11.81,11.29,35,NS,18,NS,2.0,D,,,,,,
,K1,04/02/2014,11.18,11.52,68,NS,52,NS,2.5,D,,,,,,
,K2,04/02/2014,11.21,11.02,80,NS,48,NS,2.5,D,,,,,,
,K3,04/02/2014,10.77,10.92,124,NS,54,NS,3.0,D,,,,,,
,K4,04/02/2014,11.25,10.89,58,NS,76,NS,2.5,D,,,,,,
,K5,04/02/2014,12.18,11.29,108,NS,43,NS,2.0,D,,,,,,
,K5A,04/02/2014,12.09,11.54,124,NS,38,NS,1.5,D,,,,,,
,K6,04/02/2014,11.39,11.13,25,NS,16,NS,3.0,D,,,,,,
,N6,04/02/2014,11.73,10.87,92,NS,49,NS,1.0,D,,,,,,
,N7,04/02/2014,11.86,10.57,40,NS,43,NS,2.0,D,,,,,,
,N8,04/02/2014,11.85,10.60,9,NS,13,NS,2.5,D,,,,,,
,NC0,04/02/2014,5.51,5.09,920,310,780,685,2.0,D,,,,,,
,NC1,04/02/2014,8.07,7.78,280,180,245,218,2.0,D,,,,,,
,NC2,04/02/2014,8.81,9.00,200,250,212,206,2.5,D,,,,,,
,NC3,04/02/2014,10.35,10.40,176,124,164,88,2.0,D,,,,,,
,BR5,04/01/2014,7.58,NS,33,NS,2,NS,3.0,W,,,,,,
,E10,04/01/2014,12.15,11.98,12,NS,4,NS,4.0,W,,,,,,
,E11,04/01/2014,12.02,NS,50,NS,10,NS,4.0,W,,,,,,
,E14,04/01/2014,11.43,11.40,80,NS,14,NS,4.0,W,,,,,,
,E15,04/01/2014,11.16,11.15,440,NS,140,NS,2.5,W,,,,,,
,E2,04/01/2014,11.08,11.52,115,NS,76,NS,1.5,W,,,,,,
,E4,04/01/2014,11.20,11.07,182,NS,28,NS,2.5,W,,,,,,
,E6,04/01/2014,11.25,11.39,48,NS,12,NS,3.0,W,,,,,,
,E7,04/01/2014,11.25,11.65,42,NS,14,NS,4.0,W,,,,,,
,E8,04/01/2014,12.23,12.00,76,NS,22,NS,4.5,W,,,,,,
,FB1,04/01/2014,11.32,11.33,320,NS,46,NS,3.0,W,,,,,,
,FLC1,04/01/2014,10.27,10.58,5000,NS,1080,NS,2.0,W,,,,,,
,FLC2,04/01/2014,11.54,11.25,1020,NS,230,NS,2.5,W,,,,,,
,H3,04/01/2014,12.16,11.89,148,NS,40,NS,0.5,W,,,,,,
,LN1,04/01/2014,12.13,NS,18,NS,4,NS,1.5,W,,,,,,
,N1,04/01/2014,13.26,12.96,170,NS,40,NS,1.0,W,,,,,,
,N3B,04/01/2014,12.29,11.84,132,NS,54,NS,1.0,W,,,,,,
,N4,04/01/2014,11.66,11.09,104,NS,38,NS,1.0,W,,,,,,
,N5,04/01/2014,12.91,11.81,176,NS,42,NS,1.0,W,,,,,,
,AC1,03/31/2014,10.65,NS,4400,NS,1700,NS,NS,W,,,,,,
,AC2,03/31/2014,10.76,NS,3100,NS,3700,NS,NS,W,,,,,,
,E11,03/31/2014,11.29,NS,360,NS,188,NS,NS,W,,,,,,
,E13,03/31/2014,11.20,NS,370,NS,186,NS,NS,W,,,,,,
,LN1,03/31/2014,11.40,NS,300,NS,104,NS,NS,W,,,,,,
,WC1,03/31/2014,11.15,NS,1320,NS,480,NS,NS,W,,,,,,
,WC2,03/31/2014,9.97,NS,2000,NS,830,NS,NS,W,,,,,,
,WC3,03/31/2014,11.34,NS,160,NS,188,NS,NS,W,,,,,,
,AC1,03/25/2014,10.90,NS,1000,NS,124,NS,NS,D,,,,,,
,AC2,03/25/2014,9.86,NS,500,NS,208,NS,NS,D,,,,,,
,E11,03/25/2014,12.17,NS,1,NS,1,NS,NS,D,,,,,,
,E13,03/25/2014,12.02,NS,2,NS,2,NS,NS,D,,,,,,
,LN1,03/25/2014,12.91,NS,1,NS,1,NS,NS,D,,,,,,
,WC1,03/25/2014,16.08,NS,51,NS,15,NS,NS,D,,,,,,
,WC2,03/25/2014,12.95,NS,42,NS,40,NS,NS,D,,,,,,
,WC3,03/25/2014,13.12,NS,2,NS,1,NS,NS,D,,,,,,
,AC1,03/18/2014,10.48,NS,2500,NS,3000,NS,NS,D,,,,,,
,AC2,03/18/2014,11.41,NS,236,NS,68,NS,NS,D,,,,,,
,E11,03/18/2014,12.07,NS,3,NS,1,NS,NS,D,,,,,,
,E13,03/18/2014,NS,NS,6,NS,29,NS,NS,D,,,,,,
,LN1,03/18/2014,12.59,NS,2,NS,1,NS,NS,D,,,,,,
,WC1,03/18/2014,13.42,NS,76,NS,15,NS,NS,D,,,,,,
,WC2,03/18/2014,12.20,NS,114,NS,250,NS,NS,D,,,,,,
,WC3,03/18/2014,12.07,NS,4,NS,4,NS,NS,D,,,,,,
,AC1,03/13/2014,11.81,NS,1400,NS,190,NS,NS,W,,,,,,
,AC2,03/13/2014,11.56,NS,4500,NS,2600,NS,NS,W,,,,,,
,BR1,03/13/2014,11.47,NS,1700,NS,740,NS,NS,W,,,,,,
,BR3,03/13/2014,12.36,NS,850,NS,570,NS,NS,W,,,,,,
,E11,03/13/2014,NS,NS,NS,NS,NS,NS,NS,W,,,,,,
,E13,03/13/2014,NS,NS,9,NS,8,NS,NS,W,,,,,,
,LN1,03/13/2014,NS,NS,NS,NS,NS,NS,NS,W,,,,,,
,WC1,03/13/2014,13.98,NS,630,NS,198,NS,NS,W,,,,,,
,WC2,03/13/2014,13.73,NS,1530,NS,1090,NS,NS,W,,,,,,
,WC3,03/13/2014,NS,NS,12,NS,2,NS,NS,W,,,,,,
,CIC2,03/11/2014,9.94,NS,38000,NS,4300,NS,NS,D,,,,,,
,HC1,03/11/2014,11.86,NS,1,NS,2,NS,NS,D,,,,,,
,HC2,03/11/2014,12.87,NS,1,NS,2,NS,NS,D,,,,,,
,SP1,03/11/2014,11.81,NS,8,NS,6,NS,NS,D,,,,,,
,GC3,03/10/2014,13.29,13.29,34,34,4,44,NS,D,,,,,,
,GC4,03/10/2014,13.57,12.78,8,15,4,4,NS,D,,,,,,
,GC5,03/10/2014,13.61,13.43,8,11,4,10,NS,D,,,,,,
,GC6,03/10/2014,13.05,13.06,23,15,4,4,NS,D,,,,,,
,BB2,03/06/2014,8.68,NS,99,NS,38,NS,5.5,D,,,,,,
,BB4,03/06/2014,9.85,9.52,45,NS,15,NS,6.0,D,,,,,,
,CIC3,03/06/2014,9.61,10.06,72,NS,7,NS,5.5,D,,,,,,
,GB1,03/06/2014,9.68,10.58,3,NS,1,NS,6.0,D,,,,,,
,J1,03/06/2014,9.98,10.32,1,NS,1,NS,9.5,D,,,,,,
,J10,03/06/2014,9.22,10.21,2,NS,1,NS,6.5,D,,,,,,
,J11,03/06/2014,9.37,9.40,1,NS,1,NS,9.0,D,,,,,,
,J12,03/06/2014,8.77,7.60,20,NS,4,NS,6.0,D,,,,,,
,J2,03/06/2014,9.56,10.62,1,NS,1,NS,7.5,D,,,,,,
,J3,03/06/2014,10.45,10.24,1,NS,1,NS,8.5,D,,,,,,
,J5,03/06/2014,10.00,8.63,5,NS,1,NS,6.0,D,,,,,,
,J7,03/06/2014,12.26,10.32,15,NS,5,NS,6.0,D,,,,,,
,J8,03/06/2014,7.73,7.76,23,NS,1,NS,6.0,D,,,,,,
,J9A,03/06/2014,9.04,10.14,1,NS,1,NS,7.0,D,,,,,,
,N16,03/06/2014,NS,NS,NS,NS,NS,NS,NS,D,,,,,,
,N9,03/06/2014,8.87,9.80,1,NS,2,NS,9.5,D,,,,,,
,N9A,03/06/2014,9.34,9.34,1,NS,1,NS,14.0,D,,,,,,
,PB2,03/06/2014,8.22,10.34,18,NS,1,NS,5.0,D,,,,,,
,PB3,03/06/2014,11.54,NS,15,NS,10,NS,5.5,D,,,,,,
,SP2,03/06/2014,8.17,NS,12,NS,1,NS,6.0,D,,,,,,
,G2,03/05/2014,12.20,11.48,50,NS,5,NS,4.0,D,,,,,,
,K1,03/05/2014,11.72,11.47,8,NS,2,NS,3.0,D,,,,,,
,K2,03/05/2014,12.02,12.70,2,NS,4,NS,3.0,D,,,,,,
,K3,03/05/2014,11.80,11.52,10,NS,3,NS,3.0,D,,,,,,
,K4,03/05/2014,12.55,12.31,5,NS,3,NS,4.0,D,,,,,,
,K5,03/05/2014,14.14,13.68,4,NS,3,NS,4.5,D,,,,,,
,K5A,03/05/2014,15.20,14.20,14,NS,10,NS,5.5,D,,,,,,
,K6,03/05/2014,12.52,12.71,7,NS,2,NS,5.0,D,,,,,,
,N6,03/05/2014,11.47,11.08,2,NS,4,NS,3.0,D,,,,,,
,N7,03/05/2014,11.30,11.41,15,NS,2,NS,5.0,D,,,,,,
,N8,03/05/2014,11.82,11.70,1,NS,1,NS,5.0,D,,,,,,
,NC0,03/05/2014,11.73,11.63,11,14,4,12,2.5,D,,,,,,
,NC1,03/05/2014,12.49,12.71,4,4,4,4,3.0,D,,,,,,
,NC2,03/05/2014,13.45,13.55,19,8,40,8,4.5,D,,,,,,
,NC3,03/05/2014,12.32,12.45,11,8,8,4,3.5,D,,,,,,
,AC1,03/04/2014,13.69,NS,900,NS,356,NS,NS,D,,,,,,
,AC2,03/04/2014,12.25,NS,500,NS,28,NS,NS,D,,,,,,
,BR1,03/04/2014,14.70,NS,1700,NS,140,NS,NS,D,,,,,,
,BR3,03/04/2014,12.58,NS,1100,NS,156,NS,NS,D,,,,,,
,E11,03/04/2014,12.80,NS,6,NS,1,NS,NS,D,,,,,,
,E13,03/04/2014,12.38,NS,2,NS,2,NS,NS,D,,,,,,
,LN1,03/04/2014,13.60,NS,1,NS,1,NS,NS,D,,,,,,
,WC1,03/04/2014,12.82,NS,16,NS,17,NS,NS,D,,,,,,
,WC2,03/04/2014,12.71,NS,100,NS,82,NS,NS,D,,,,,,
,WC3,03/04/2014,12.91,NS,6,NS,4,NS,NS,D,,,,,,
,BR5,03/03/2014,14.16,NS,52,NS,5,NS,4.5,D,,,,,,
,E10,03/03/2014,14.65,12.83,1,NS,1,NS,6.5,D,,,,,,
,E14,03/03/2014,13.12,13.17,1,NS,2,NS,3.5,D,,,,,,
,E15,03/03/2014,13.67,13.50,8,NS,7,NS,3.5,D,,,,,,
,E2,03/03/2014,12.09,10.78,32,NS,21,NS,2.0,D,,,,,,
,E4,03/03/2014,11.19,9.61,31,NS,25,NS,2.0,D,,,,,,
,E6,03/03/2014,13.37,14.25,9,NS,1,NS,3.5,D,,,,,,
,E7,03/03/2014,13.35,13.67,1,NS,1,NS,3.5,D,,,,,,
,E8,03/03/2014,13.72,13.10,1,NS,2,NS,6.0,D,,,,,,
,FB1,03/03/2014,12.86,13.19,4,NS,3,NS,3.0,D,,,,,,
,FLC1,03/03/2014,13.21,13.08,108,NS,38,NS,4.0,D,,,,,,
,FLC2,03/03/2014,13.31,12.74,23,NS,5,NS,4.0,D,,,,,,
,H3,03/03/2014,11.93,12.11,38,NS,11,NS,1.5,D,,,,,,
,N1,03/03/2014,13.46,13.05,96,NS,16,NS,1.0,D,,,,,,
,N3B,03/03/2014,12.85,12.48,84,NS,15,NS,1.0,D,,,,,,
,N4,03/03/2014,12.80,12.68,124,NS,22,NS,1.0,D,,,,,,
,N5,03/03/2014,12.20,13.21,76,NS,18,NS,1.0,D,,,,,,
,BB2,02/27/2014,NS,NS,NS,NS,NS,NS,NS,D,,,,,,
,BB4,02/27/2014,NS,NS,NS,NS,NS,NS,NS,D,,,,,,
,CIC3,02/27/2014,11.28,11.40,2600,NS,290,NS,5.5,D,,,,,,
,GB1,02/27/2014,9.79,10.59,14,NS,2,NS,6.0,D,,,,,,
,J1,02/27/2014,NS,NS,NS,NS,NS,NS,NS,D,,,,,,
,J10,02/27/2014,NS,NS,NS,NS,NS,NS,NS,D,,,,,,
,J11,02/27/2014,12.30,10.98,240,NS,60,NS,8.0,D,,,,,,
,J12,02/27/2014,NS,NS,NS,NS,NS,NS,NS,D,,,,,,
,J2,02/27/2014,NS,NS,NS,NS,NS,NS,NS,D,,,,,,
,J3,02/27/2014,NS,NS,NS,NS,NS,NS,NS,D,,,,,,
,J5,02/27/2014,NS,NS,NS,NS,NS,NS,NS,D,,,,,,
,J7,02/27/2014,NS,NS,NS,NS,NS,NS,NS,D,,,,,,
,J8,02/27/2014,NS,NS,NS,NS,NS,NS,NS,D,,,,,,
,J9A,02/27/2014,NS,NS,NS,NS,NS,NS,NS,D,,,,,,
,N16,02/27/2014,NS,NS,NS,NS,NS,NS,NS,D,,,,,,
,N9,02/27/2014,11.35,11.17,8,NS,4,NS,5.0,D,,,,,,
,N9A,02/27/2014,11.22,10.23,2,NS,1,NS,6.5,D,,,,,,
,PB2,02/27/2014,NS,NS,NS,NS,NS,NS,NS,D,,,,,,
,PB3,02/27/2014,NS,NS,NS,NS,NS,NS,NS,D,,,,,,
,SP2,02/27/2014,NS,NS,NS,NS,NS,NS,NS,D,,,,,,
,G2,02/26/2014,11.03,9.95,10,NS,2,NS,4.5,D,,,,,,
,K1,02/26/2014,10.90,10.32,12,NS,2,NS,2.5,D,,,,,,
,K2,02/26/2014,10.19,10.59,18,NS,5,NS,2.0,D,,,,,,
,K3,02/26/2014,10.43,9.98,22,NS,40,NS,3.0,D,,,,,,
,K4,02/26/2014,9.86,10.01,18,NS,15,NS,3.0,D,,,,,,
,K5,02/26/2014,10.55,11.05,29,NS,18,NS,3.0,D,,,,,,
,K5A,02/26/2014,10.47,12.27,16,NS,3,NS,2.5,D,,,,,,
,K6,02/26/2014,14.26,15.17,36,NS,16,NS,2.5,D,,,,,,
,N6,02/26/2014,10.71,10.42,32,NS,11,NS,2.5,D,,,,,,
,N7,02/26/2014,12.01,11.21,32,NS,3,NS,2.5,D,,,,,,
,N8,02/26/2014,11.58,11.23,8,NS,4,NS,3.0,D,,,,,,
,NC0,02/26/2014,12.27,9.87,56,56,20,20,3.5,D,,,,,,
,NC1,02/26/2014,9.45,10.42,22,33,16,20,3.5,D,,,,,,
,NC2,02/26/2014,10.82,10.62,17,6,12,16,4.0,D,,,,,,
,NC3,02/26/2014,10.97,11.24,8,6,8,4,4.0,D,,,,,,
,AC1,02/25/2014,11.21,NS,1100,NS,168,NS,NS,D,,,,,,
,AC2,02/25/2014,11.08,NS,500,NS,88,NS,NS,D,,,,,,
,E11,02/25/2014,13.63,NS,3,NS,1,NS,NS,D,,,,,,
,E13,02/25/2014,13.10,NS,2,NS,1,NS,NS,D,,,,,,
,LN1,02/25/2014,13.84,NS,5,NS,1,NS,NS,D,,,,,,
,WC1,02/25/2014,13.89,NS,108,NS,29,NS,NS,D,,,,,,
,WC2,02/25/2014,13.86,NS,114,NS,46,NS,NS,D,,,,,,
,WC3,02/25/2014,13.08,NS,2,NS,2,NS,NS,D,,,,,,
,BR5,02/24/2014,NS,NS,NS,NS,NS,NS,NS,W,,,,,,
,E10,02/24/2014,15.02,14.92,2,NS,2,NS,6.0,W,,,,,,
,E14,02/24/2014,13.55,13.31,9,NS,4,NS,3.0,W,,,,,,
,E15,02/24/2014,13.34,13.99,10,NS,20,NS,3.0,W,,,,,,
,E2,02/24/2014,12.50,12.23,16,NS,2,NS,3.0,W,,,,,,
,E4,02/24/2014,12.58,13.04,8,NS,4,NS,3.5,W,,,,,,
,E6,02/24/2014,13.15,13.15,2,NS,2,NS,3.0,W,,,,,,
,E7,02/24/2014,13.60,14.14,4,NS,2,NS,3.5,W,,,,,,
,E8,02/24/2014,14.09,13.49,2,NS,2,NS,4.0,W,,,,,,
,FB1,02/24/2014,13.44,13.33,19,NS,4,NS,3.0,W,,,,,,
,FLC1,02/24/2014,13.55,13.42,660,NS,410,NS,1.5,W,,,,,,
,FLC2,02/24/2014,13.47,13.56,445,NS,30,NS,2.5,W,,,,,,
,H3,02/24/2014,12.09,12.10,22,NS,10,NS,2.0,W,,,,,,
,N1,02/24/2014,12.93,12.02,40,NS,12,NS,1.0,W,,,,,,
,N3B,02/24/2014,12.43,11.58,96,NS,54,NS,2.0,W,,,,,,
,N4,02/24/2014,12.23,11.36,68,NS,14,NS,2.0,W,,,,,,
,N5,02/24/2014,12.31,12.25,32,NS,8,NS,2.5,W,,,,,,
,AC1,02/18/2014,11.14,NS,3200,NS,490,NS,NS,W,,,,,,
,AC2,02/18/2014,11.73,NS,330,NS,230,NS,NS,W,,,,,,
,E11,02/18/2014,NS,NS,NS,NS,NS,NS,NS,W,,,,,,
,E13,02/18/2014,12.64,NS,6,NS,4,NS,NS,W,,,,,,
,LN1,02/18/2014,NS,NS,NS,NS,NS,NS,NS,W,,,,,,
,WC1,02/18/2014,NS,NS,NS,NS,NS,NS,NS,W,,,,,,
,WC2,02/18/2014,NS,NS,NS,NS,NS,NS,NS,W,,,,,,
,WC3,02/18/2014,13.11,NS,25,NS,6,NS,NS,W,,,,,,
,AC1,02/11/2014,14.12,NS,216,NS,32,NS,NS,D,,,,,,
,AC2,02/11/2014,13.42,NS,380,NS,140,NS,NS,D,,,,,,
,E11,02/11/2014,13.72,NS,1,NS,1,NS,NS,D,,,,,,
,E13,02/11/2014,12.42,NS,1,NS,1,NS,NS,D,,,,,,
,LN1,02/11/2014,14.02,NS,1,NS,1,NS,NS,D,,,,,,
,WC1,02/11/2014,13.15,NS,12,NS,19,NS,NS,D,,,,,,
,WC2,02/11/2014,NS,NS,NS,NS,NS,NS,NS,NS,,,,,,
,WC3,02/11/2014,12.46,NS,1,NS,1,NS,NS,D,,,,,,
,CIC2,02/10/2014,8.16,NS,9500,NS,840,NS,NS,D,,,,,,
,HC1,02/10/2014,12.61,NS,88,NS,108,NS,NS,D,,,,,,
,HC1,02/10/2014,14.27,NS,88,NS,108,NS,NS,D,,,,,,
,HC2,02/10/2014,10.57,NS,1,NS,2,NS,NS,D,,,,,,
,SP1,02/10/2014,19.32,NS,10,NS,12,NS,NS,D,,,,,,
,SP1,02/10/2014,19.32,NS,10,NS,12,NS,NS,D,,,,,,
,GC3,02/06/2014,14.69,14.68,108,220,20,70,NS,W,,,,,,
,GC3,02/06/2014,14.69,14.68,108,220,20,70,NS,W,,,,,,
,GC4,02/06/2014,14.40,14.40,320,380,270,50,NS,W,,,,,,
,GC4,02/06/2014,14.40,14.40,320,380,270,50,NS,W,,,,,,
,GC5,02/06/2014,14.33,14.15,360,550,60,100,NS,W,,,,,,
,GC5,02/06/2014,14.33,14.15,360,550,60,100,NS,W,,,,,,
,GC6,02/06/2014,13.25,12.30,6000,3300,600,560,NS,W,,,,,,
,GC6,02/06/2014,13.25,12.30,6000,3300,600,560,NS,W,,,,,,
,AC1,02/04/2014,10.95,NS,4400,NS,450,NS,NS,W,,,,,,
,AC1,02/04/2014,10.95,NS,4400,NS,450,NS,NS,W,,,,,,
,AC2,02/04/2014,NS,NS,NS,NS,NS,NS,NS,NS,,,,,,
,AC2,02/04/2014,NS,NS,NS,NS,NS,NS,NS,NS,,,,,,
,BR1,02/04/2014,13.62,NS,710,NS,150,NS,NS,W,,,,,,
,BR3,02/04/2014,12.61,NS,250,NS,160,NS,NS,W,,,,,,
,E11,02/04/2014,12.70,NS,2,NS,10,NS,NS,W,,,,,,
,E13,02/04/2014,12.36,NS,12,NS,2,NS,NS,W,,,,,,
,LN1,02/04/2014,12.65,NS,5,NS,2,NS,NS,W,,,,,,
,WC1,02/04/2014,10.94,NS,84,NS,28,NS,NS,W,,,,,,
,WC2,02/04/2014,NS,NS,NS,NS,NS,NS,NS,NS,,,,,,
,WC3,02/04/2014,12.04,NS,92,NS,46,NS,NS,W,,,,,,
,CIC2,01/30/2014,10.25,NS,2300,NS,510,NS,NS,D,,,,,,
,HC1,01/30/2014,12.38,NS,44,NS,97,NS,NS,D,,,,,,
,HC2,01/30/2014,15.22,NS,6,NS,8,NS,NS,D,,,,,,
,SP1,01/30/2014,16.05,NS,14,NS,4,NS,NS,D,,,,,,
,AC1,01/27/2014,12.22,NS,264,NS,104,NS,NS,D,,,,,,
,AC2,01/27/2014,12.33,NS,3700,NS,100,NS,NS,D,,,,,,
,E11,01/27/2014,12.11,NS,3,NS,5,NS,NS,D,,,,,,
,E13,01/27/2014,11.59,NS,3,NS,4,NS,NS,D,,,,,,
,LN1,01/27/2014,12.11,NS,6,NS,6,NS,NS,D,,,,,,
,WC1,01/27/2014,NS,NS,NS,NS,NS,NS,NS,D,,,,,,
,WC2,01/27/2014,NS,NS,NS,NS,NS,NS,NS,D,,,,,,
,WC3,01/27/2014,11.49,NS,9,NS,1,NS,NS,D,,,,,,
,GC3,01/21/2014,13.41,13.56,31,46,120,44,NS,D,,,,,,
,GC4,01/21/2014,13.01,13.29,84,46,100,100,NS,D,,,,,,
,GC5,01/21/2014,12.82,11.84,42,50,48,64,NS,D,,,,,,
,GC6,01/21/2014,12.29,10.38,136,112,76,230,NS,D,,,,,,
,AC1,01/16/2014,11.29,NS,750,NS,260,NS,NS,W,,,,,,
,AC2,01/16/2014,10.73,NS,2200,NS,670,NS,NS,W,,,,,,
,BR1,01/16/2014,11.32,NS,10000,NS,500,NS,NS,W,,,,,,
,BR3,01/16/2014,11.16,NS,750,NS,180,NS,NS,W,,,,,,
,E11,01/16/2014,10.87,NS,46,NS,16,NS,NS,W,,,,,,
,E13,01/16/2014,10.65,NS,15,NS,14,NS,NS,W,,,,,,
,LN1,01/16/2014,10.87,NS,19,NS,8,NS,NS,W,,,,,,
,WC1,01/16/2014,9.61,NS,202,NS,72,NS,NS,W,,,,,,
,WC2,01/16/2014,9.08,NS,33,NS,52,NS,NS,W,,,,,,
,WC3,01/16/2014,10.77,NS,26,NS,20,NS,NS,W,,,,,,
,G2,01/13/2014,10.84,10.28,120,NS,44,NS,4.5,W,,,,,,
,K1,01/13/2014,11.67,10.71,53,NS,14,NS,3.0,W,,,,,,
,K2,01/13/2014,10.78,10.30,39,NS,14,NS,3.0,W,,,,,,
,K3,01/13/2014,10.59,10.07,39,NS,50,NS,3.0,W,,,,,,
,K4,01/13/2014,10.08,9.84,56,NS,62,NS,3.0,W,,,,,,
,K5,01/13/2014,10.05,10.15,36,NS,40,NS,3.0,W,,,,,,
,K5A,01/13/2014,10.62,10.49,58,NS,58,NS,2.0,W,,,,,,
,K6,01/13/2014,11.68,11.15,6,NS,2,NS,4.0,W,,,,,,
,N6,01/13/2014,11.18,10.44,80,NS,40,NS,2.5,W,,,,,,
,N7,01/13/2014,13.49,10.02,75,NS,22,NS,3.0,W,,,,,,
,N8,01/13/2014,11.06,9.05,62,NS,36,NS,3.0,W,,,,,,
,NC0,01/13/2014,7.12,6.94,1500,2000,640,580,4.0,W,,,,,,
,NC1,01/13/2014,8.18,8.51,1300,670,620,465,2.5,W,,,,,,
,NC2,01/13/2014,7.65,8.02,2500,1500,800,565,2.5,W,,,,,,
,NC3,01/13/2014,9.19,9.52,800,800,440,720,3.5,W,,,,,,
,AC1,01/09/2014,NS,NS,NS,NS,NS,NS,NS,NS,,,,,,
,AC2,01/09/2014,11.73,NS,2500,NS,400,NS,NS,D,,,,,,
,E11,01/09/2014,12.75,NS,35,NS,17,NS,NS,D,,,,,,
,E13,01/09/2014,11.53,NS,53,NS,8,NS,NS,D,,,,,,
,LN1,01/09/2014,12.18,NS,81,NS,42,NS,NS,D,,,,,,
,WC1,01/09/2014,10.26,NS,464,NS,210,NS,NS,D,,,,,,
,WC2,01/09/2014,NS,NS,NS,NS,NS,NS,NS,D,,,,,,
,WC3,01/09/2014,11.59,NS,112,NS,48,NS,NS,D,,,,,,
,BR5,01/06/2014,10.33,NS,2000,NS,2000,NS,1.5,W,,,,,,
,E10,01/06/2014,10.58,10.83,22,NS,10,NS,5.0,W,,,,,,
,E14,01/06/2014,10.00,10.21,222,NS,192,NS,2.5,W,,,,,,
,E15,01/06/2014,9.57,9.67,4000,NS,12800,NS,2.0,W,,,,,,
,E2,01/06/2014,10.00,10.19,39,NS,40,NS,2.0,W,,,,,,
,E4,01/06/2014,9.81,10.01,160,NS,104,NS,2.5,W,,,,,,
,E6,01/06/2014,9.62,10.14,160,NS,100,NS,3.5,W,,,,,,
,E7,01/06/2014,10.13,10.52,130,NS,160,NS,3.5,W,,,,,,
,E8,01/06/2014,10.45,10.30,64,NS,50,NS,3.0,W,,,,,,
,FB1,01/06/2014,10.55,10.25,2000,NS,1360,NS,3.0,W,,,,,,
,FLC1,01/06/2014,10.86,9.94,11600,NS,4900,NS,0.5,W,,,,,,
,FLC2,01/06/2014,9.56,9.99,20000,NS,7400,NS,2.5,W,,,,,,
,H3,01/06/2014,11.21,11.42,3600,NS,2000,NS,1.5,W,,,,,,
,N1,01/06/2014,NS,NS,NS,NS,NS,NS,NS,W,,,,,,
,N3B,01/06/2014,10.67,9.81,148,NS,89,NS,NS,W,,,,,,
,N4,01/06/2014,10.15,10.31,104,NS,69,NS,1.5,W,,,,,,
,N5,01/06/2014,10.09,9.43,470,NS,360,NS,2.5,W,,,,,,
,,,,,,,,,,,,,,,,
,Note:,Dry/Wet is used to determine the dilutions for the bacteria filtrations to insure more accurate bacteria readings are observed.,,,,,,,,,,,,,,